"","t1","t2","t3","t4","t5","temp","v","north","east","time","err.rms","err.metres","err.millisecs","sound.type","sound.name","species","low.peak.score"
"1",0.270971575029667,0.259592138316641,0.893357093211513,0.924011902315992,0.332281193238625,21.5,344.091588483172,4565735.00083208,279034.440695813,0.639635762806201,522.714437602234,188.568342313423,548.017878451117,"song","song","DICK",0.490008422539921
"2",0.915046369841404,0.689898060875082,0.931999259531494,1.3528024940307,0.97705214446132,21.5,344.091588483172,4565775.8313467,278984.890184781,1.08573651197185,2885.16287898479,149.919535307872,435.696600340475,"alarm","cheer","RWBL",0.424665932488545
"3",1.2391469494522,0.825545659989757,1.49262578575105,1.08819757373598,1.15763428656544,21.5,344.091588483172,4565817.57807597,278862.55577833,1.16837743933493,1639.03646749129,186.61255012208,542.333949355483,"song","song","DICK",0.560584745611937
"4",1.42156836921805,1.34237900579926,1.44815834608447,1.27108535603514,1.34005673707731,21.5,344.091588483172,4565848.58525434,279024.734321632,1.33963600857394,148.414726033758,25.354038227481,73.6839814633277,"song","song","non-target",0.580352909493787
"5",1.70658387697703,2.14085006515453,1.98630239230313,1.97480711085137,2.07036889504123,21.5,344.091588483172,4565778.04210456,278993.594553239,1.87964715887195,702.052280420555,68.0990220523786,197.909580854834,"alarm","tink","DICK",0.17162279069919
"6",2.23385997695615,2.24024635213287,2.03286333275809,2.02160008926461,2.28959561486203,21.5,344.091588483172,4565875.56289339,279028.815357718,2.18111953007945,102.483858864735,67.706855147465,196.769864226937,"song","song","DICK",0.541023399631202
"7",2.20764890521773,2.21415131360383,2.34861182987347,2.00247469774929,2.26338383424142,21.5,344.091588483172,4565880.23370088,279003.240443945,2.13996085322973,285.180503711695,47.0717635287724,136.800099462688,"alarm","cheer","RWBL",0.449736319747101
"8",2.98466278969779,2.99128136724604,3.12493018756232,2.71701680287847,3.04039817957774,21.5,344.091588483172,4565887.4426274,278994.355445466,2.87946680899134,396.608610506786,54.6301922696132,158.766427596892,"song","song","DICK",0.523168138743143
"9",3.0358258424099,3.24541128714416,3.17609133672512,3.18944442600182,3.09156047591264,21.5,344.091588483172,4565829.83085699,279021.802738653,3.12103863904938,202.617096001288,32.2247703544579,93.65172364867,"alarm","tink","DICK",0.660058829809273
"10",3.73797621457017,3.74494300299103,4.10663543517389,3.74006625109643,3.66331546532665,21.5,344.091588483172,4565872.08143335,278982.901509978,3.86046963049383,670.792018810308,88.7622348234351,257.961071395897,"","","",0.656591484724578
"11",4.3058919570467,4.28452696386126,4.13996491757937,4.15273746785327,4.22972111177688,21.5,344.091588483172,4565840.57465943,279026.841063929,4.21914284441623,25.2278980276861,31.7109273760288,92.1583916532723,"","","",0.643433953909618
"12",3.90968385318581,3.83084355285665,3.74224981331152,3.74782320714922,3.83316580028903,21.5,344.091588483172,4565850.57980874,279029.33626739,3.83589359583715,60.0333418579684,40.8668180914079,118.767268539046,"call","check","RWBL",0.69956703297413
"13",4.38746648967251,4.3924594495081,3.98280451229948,4.10379670180384,4.4902285700097,21.5,344.091588483172,4565878.12325626,278975.255256162,4.25120934403757,842.033704390889,97.0507514241468,282.049183044453,"alarm","tink","DICK",0.135766182675863
"14",5.31314849729081,5.25009936546579,5.17601953838593,5.23036022658872,5.23709475632325,21.5,344.091588483172,4565863.47308854,279007.199670572,5.3390490336452,81.6989655499107,73.6178173277969,213.948320132787,"","","",0.460402685835142
"15",5.76526331855771,5.75237465174624,5.62604249417075,5.49076954970801,5.689905257651,21.5,344.091588483172,4565809.99630618,279038.297585859,5.59584279337726,145.806425018251,30.8750609251036,89.7291940823294,"song","song","DICK",0.606802364421283
"16",6.44332029621653,6.43147662404446,6.28250180642916,6.60506770146838,6.50404814470664,21.5,344.091588483172,4565882.21124398,279019.467615229,6.4572031784185,184.429229983923,60.1947646739696,174.938204503402,"song","song","DICK",0.441086347390125
"17",6.83447430450225,6.82309513206139,6.88869954460309,6.99691779679576,6.89520192885501,21.5,344.091588483172,4565832.49140054,279027.956461499,6.925172395094,132.282108685581,45.7703769185013,133.018005817191,"alarm","cheer","RWBL",0.438536180574885
"18",6.55852544967251,6.5466816844811,6.17917661751249,6.91430286679473,6.84776877410184,21.5,344.091588483172,4566055.73967131,278998.585736528,6.56780571132946,681.047264881331,220.915865808401,642.026347642627,"alarm","tink","DICK",0.267392689944139
"19",7.58603560715775,7.568734723149,7.51160697192548,7.591725159617,7.51102640534801,21.5,344.091588483172,4565839.61797962,279037.453149894,7.4901943760921,117.5182898233,5.82953643157896,16.9418161521378,"song","oakalee","RWBL",0.726137790485508
"20",8.11830807379879,8.03876957446161,7.85751468765091,7.87377073131107,7.98048004648021,21.5,344.091588483172,4565873.62172853,279029.589699672,8.02278418811198,259.248583775271,70.4892851378975,204.856170558045,"","","",0.712886777409533
"21",8.15249318226493,8.44637905733712,8.06413002504251,8.59709571709362,8.48968977697439,21.5,344.091588483172,4565909.94011062,279022.662924486,8.37148452805773,1389.567857968,104.129295580983,302.620869170348,"alarm","tink","DICK",0.158217445831735
"22",9.05711420928358,9.06361651304399,9.19761041553542,9.21061502305625,9.11273212894856,21.5,344.091588483172,4565842.85658843,279028.542084528,9.13062571556464,52.5139177967112,31.269371992162,90.8751420806417,"song","song","DICK",0.581221016876082
"23",10.0011497723105,9.98442941089282,10.0559554014017,9.9214958283347,10.0564198558855,21.5,344.091588483172,4565846.30867571,279014.598721038,9.94494779299569,323.178932198181,18.197852034542,52.8866518207027,"alarm","cheer","RWBL",0.547095865253322
"24",9.86628081354552,9.86256519463249,9.77594482872257,9.78314384036655,9.79394235783254,21.5,344.091588483172,4565809.74655158,279027.868382751,9.70473971312314,95.2978093533495,2.66406115681508,7.74230247405588,"alarm","tink","DICK",0.306941368014097
"25",10.2408982253013,10.2130302406536,10.6505575996231,10.0990037368033,10.1599649532202,21.5,344.091588483172,4565917.64503456,279055.407290209,10.4118924666351,673.832812239549,145.109993395436,421.719095299921,"song","song","DICK",0.380995737867226
"26",10.8971211723276,10.8175833185462,10.8075975442028,10.7484956937288,10.8696022360558,21.5,344.091588483172,4565867.52644707,279035.51077927,10.9126408701919,338.784462037539,66.4382996410423,193.083184433297,"song","oakalee","RWBL",0.197275931175926
"27",11.1414970377988,11.1445160173357,11.1527601537633,11.1323239845906,11.137897485274,21.5,344.091588483172,4565841.29809676,279022.583712602,11.0734036819575,104.747194751137,6.19956408636715,18.0171916253348,"alarm","tink","DICK",0.231498326307191
"28",11.2906818692973,11.2453967873787,11.0072437027247,11.4362908250048,11.3199429991524,21.5,344.091588483172,4565912.08258696,279035.633999005,11.2170917551042,206.422716300628,76.6620298265371,222.79541956977,"song","song","DICK",0.541997077110204
"29",11.4802019219535,11.4661521392112,11.3161329714171,11.4034506294521,11.4137847671716,21.5,344.091588483172,4565823.79674932,279028.150206369,11.3593573258324,31.246870334306,16.0602461099499,46.6743351116105,"call","check","RWBL",0.721665773415575
"30",11.9761975894645,11.9780556608965,11.8903779151979,11.898506977713,11.900597308074,21.5,344.091588483172,4565811.22064279,279026.876340174,11.8208028147912,130.218804898002,3.81346626540669,11.0827070263974,"alarm","tink","DICK",0.163063030221915
"31",13.0588983427458,12.9794753465029,13.0602917286448,12.8905308799503,13.0283599684594,21.5,344.091588483172,4565848.20913041,279031.350660965,12.9777114413169,88.2773466830826,29.1741244321019,84.7859273767997,"song","song","DICK",0.464172060375232
"32",12.9710077622893,12.8925143072208,12.9729817101238,12.5390615302556,12.8975072340964,21.5,344.091588483172,4565884.21423095,279067.083448585,12.7820150035382,355.30644630636,74.8722726732605,217.594021996624,"call","check","RWBL",0.703764645106043
"33",13.4164973599646,13.4349594747069,13.4407651711668,13.2777412145741,13.4675874888113,21.5,344.091588483172,4565851.50064244,279031.168208352,13.3832946263813,242.967507797665,34.0888031964274,99.0689814496715,"","","",0.709071682416509
"34",14.1682353669052,14.1004249016051,14.0504959631136,13.9711902305795,14.0913680243904,21.5,344.091588483172,4565834.49199881,279039.800065111,14.0501663829115,68.3641975038709,27.226669567246,79.1262282442498,"alarm","tink","DICK",0.30265740914041
"35",14.5160535015933,14.6858109802795,14.3980825040931,14.5507713443615,14.4477789479219,21.5,344.091588483172,4565900.39854422,278982.527471017,14.7152831262112,1651.36175899159,148.27072041151,430.904809574446,"call","check","RWBL",0.733671905555119
"36",14.8726311276244,14.8475502338931,14.6998516374757,14.4809743935709,14.7813645421023,21.5,344.091588483172,4565802.86527635,279059.529837051,14.6536348693506,297.448945547713,51.2535130381956,148.953112350499,"alarm","tink","DICK",0.366363426145132
"37",15.4209560030247,15.4238592036426,15.3359502889333,15.3402470258477,15.3452405309105,21.5,344.091588483172,4565809.06324981,279026.162630073,15.2599520834396,138.310634197096,3.8714710441684,11.2512806873154,"alarm","tink","DICK",0.142269577198335
"38",17.3068684506165,17.3131386731976,17.1541769192436,17.1422170502463,17.3628359929144,21.5,344.091588483172,4565865.16805159,279028.197044734,17.2729442546269,130.496943706725,55.5179900566572,161.346548171643,"song","song","DICK",0.388481785553881
"39",16.9899738926726,16.97604005124,16.8368177522591,16.8242772949698,16.9171695711872,21.5,344.091588483172,4565836.26632612,279029.37501255,16.8951446698241,33.4557761539077,28.3424204345358,82.3688267402151,"call","check","RWBL",0.674857486322318
"40",17.0747592915933,17.0796360454269,16.9164970183721,16.9176581502372,17.0026530027669,21.5,344.091588483172,4565856.32927028,279026.034301939,17.025293611483,44.0251508820469,47.8824514383203,139.156123081637,"alarm","tink","DICK",0.284187580131217
"41",18.1880687231845,18.1942228377373,18.3284522042105,18.340992664054,18.2435718695289,21.5,344.091588483172,4565842.89975282,279028.443487967,18.2611961062924,52.406108856466,31.193637386427,90.6550419437311,"song","song","DICK",0.578658681936249
"42",18.6994870947919,18.7057573363126,18.8392902575881,18.6450288860282,18.754990343809,21.5,344.091588483172,4565852.82267971,279036.199731535,18.7674803749968,134.267161904651,45.6911313839113,132.787702208378,"alarm","cheer","RWBL",0.513955233181496
"43",19.1056328966044,19.0363139079057,19.2693511111192,19.0489701386731,19.0370105811589,21.5,344.091588483172,4565853.27010373,279007.668210057,19.1290667287652,87.5096371479645,47.2523483323688,137.324915557126,"song","song","DICK",0.66615612560927
"44",19.2416084294645,19.1733243043376,19.122924116744,19.0430270451669,19.0326915228263,21.5,344.091588483172,4565833.96751045,279039.028460889,19.1218915637745,204.351112645164,32.9581117775188,95.782962678062,"alarm","tink","DICK",0.284203789026529
"45",20.1440974026855,20.0643275168253,20.1453746497662,20.567678980004,20.1135595861189,21.5,344.091588483172,4565782.27894445,278969.958469278,20.3833899593035,579.994540341778,166.055680966955,482.591514947991,"song","song","DICK",0.388958989821633
"46",19.930698759929,19.8504640840108,19.7607080717317,19.5744614434063,19.8565020046298,21.5,344.091588483172,4565821.12866894,279065.372812802,19.729512208422,106.130759100349,49.0101487018854,142.433440230063,"call","check","RWBL",0.710129718170075
"47",20.0802896426482,20.0013312411174,19.6734216441721,19.6908389386274,20.0062080835649,21.5,344.091588483172,4565785.63197816,279045.667367728,19.8157895488672,495.393158368681,59.0360719761147,171.570808331462,"alarm","tink","DICK",0.327949183279173
"48",21.2408711225577,21.1803756684246,21.1162806767135,21.1809562390017,21.1671386592669,21.5,344.091588483172,4565825.14906903,279043.259925038,21.0896274230881,84.1680188261636,3.30561927129496,9.60680057849372,"song","song","DICK",0.591227548506612
"49",21.6585393819528,21.67015077252,21.3587332775099,21.9301298073177,21.585039279663,21.5,344.091588483172,4565971.31759853,279011.035062227,21.6652277058214,834.938155397892,153.663174978195,446.576377108125,"call","check","RWBL",0.696520321038606
"50",21.6996737112099,21.3891891008044,21.3262561693011,21.6382502411633,21.62594232467,21.5,344.091588483172,4565833.26804048,279080.646700779,21.4550944723044,605.061698023299,47.065418305615,136.781658956237,"alarm","tink","DICK",0.351776691777071
"51",22.8964896318253,22.8959089801989,22.745171818004,22.7310039183216,22.8223984843057,21.5,344.091588483172,4565855.11383514,279029.32219305,22.8421251846181,63.7017396027678,46.1205719508116,134.035743663833,"song","song","DICK",0.617124158631693
"52",22.8802450421939,22.8798966990304,22.7288318804335,22.7137370100126,22.8060479483558,21.5,344.091588483172,4565855.40349961,279029.51451556,22.8260274857076,66.491954478824,46.4661230716534,135.039985361124,"alarm","cheer","RWBL",0.513263574003185
"53",23.1917905067894,23.1916743942106,23.0384057903236,23.2903700861076,23.1173623438412,21.5,344.091588483172,4565866.19643279,279030.968557915,23.1554848433779,73.5584807473528,41.059406544627,119.326969675793,"alarm","tink","DICK",0.284150381431005
"54",23.8726832192315,23.8783728769178,24.253425822362,24.0252589375949,23.9283025260017,21.5,344.091588483172,4565798.14545526,279001.742639114,24.0780022663185,270.67087642755,101.948461601795,296.28292296015,"alarm","cheer","RWBL",0.51406832943529
"55",23.8019682922648,23.8047550409752,23.7941886187816,24.2412295577439,24.156582065665,21.5,344.091588483172,4565891.74482174,279069.883295836,23.9655886480393,526.72213700895,90.7488658606423,263.734624437297,"alarm","tink","DICK",0.232253869724357
"56",24.384713532482,24.3905192806805,24.5247481790307,24.5368241352836,24.44021648526,21.5,344.091588483172,4565842.97100088,279028.341709949,24.457274117343,52.3119389026902,31.0601403726472,90.2670725244019,"song","song","DICK",0.501129706291849
"57",24.450069835755,24.4558754112521,24.5903325397649,24.6022920252889,24.5055711375072,21.5,344.091588483172,4565842.96714461,279028.329842573,24.5227186034006,52.0698806716938,31.0819697880161,90.3305132364087,"alarm","cheer","RWBL",0.463160704936894
"58",25.0737235472654,25.0560741385701,25.1807811447467,24.8680847130579,25.001964767175,21.5,344.091588483172,4565868.48273055,279004.882234903,24.9796550597115,473.624035609315,41.3044611315545,120.039148046696,"alarm","tink","DICK",0.328378125411029
"59",25.426019309877,25.3459015095761,25.7676230323197,25.7555473058976,25.3448564947895,21.5,344.091588483172,4565902.04367179,279006.561809534,25.5213234683804,231.471025121643,82.1858278391854,238.848697817571,"song","song","DICK",0.642812641742382
"60",25.9333907565695,25.9278173259021,26.1162689503417,25.8122847526936,26.3339810857848,21.5,344.091588483172,4565875.13586756,279080.271824462,26.0749657755785,1403.08605052262,107.24719603466,311.682120761591,"call","check","RWBL",0.666554674946052
"61",26.7735155827213,26.6938603890428,26.7750250834762,26.3566611434999,26.7433255676245,21.5,344.091588483172,4565884.24812589,279065.861191148,26.5948970173367,81.7039999963444,73.4540439626598,213.472361490906,"song","song","DICK",0.318711833656851
"62",26.6891617378134,26.6097407011,26.9722443218882,27.0030141679833,26.6458517280267,21.5,344.091588483172,4565896.97844915,279027.617583694,26.7681632716346,492.304577136884,66.8176480858372,194.185648014191,"alarm","tink","DICK",0.176746102090774
"63",27.9536181039403,27.9718503475665,28.0900696087858,28.1007534712929,28.00483096661,21.5,344.091588483172,4565842.53387161,279029.017705963,28.0275656681344,44.3764237884769,30.5616905846087,88.8184762647963,"song","oakalee","RWBL",0.643122784281662
"64",28.0619591818814,28.0803051564089,28.4243502356815,28.4889094878163,28.1129331237649,21.5,344.091588483172,4565780.95628374,279047.351745374,28.3160597670895,275.558630250785,122.947106040195,357.309246012584,"alarm","tink","DICK",0.245708692182366
"65",29.1065783267378,29.0457348654889,28.9833819290563,29.0474765676239,29.0322657023116,21.5,344.091588483172,4565825.53946346,279043.2279345,28.9561492127837,82.5822260892084,3.31869166634683,9.64479161195516,"song","song","DICK",0.481242165692104
"66",29.5531797626726,29.5690875649749,29.4300974966845,29.4930320138218,29.4800270951514,21.5,344.091588483172,4565798.82613259,279032.747806314,29.3676520398999,351.689534514108,7.77017130983736,22.5816950193113,"call","check","RWBL",0.688440642878325
"67",29.8407120242526,29.8466338130201,29.980861025082,29.7715083751273,29.8962142797592,21.5,344.091588483172,4565855.97485136,279045.746883832,29.9234206468326,249.574977251871,57.1687773222273,166.144071042943,"song","song","DICK",0.569080533212388
"68",30.4790607922903,30.4849826359053,30.6189788620171,30.6322159242153,30.5345635618583,21.5,344.091588483172,4565842.87162295,279028.51169894,30.5521834401989,54.0318911503656,31.2314019913998,90.7647935512586,"song","song","DICK",0.58227026868413
"69",30.1887454877281,30.1946673759986,30.3287807280063,30.3095055622632,30.2443647912881,21.5,344.091588483172,4565844.98036545,279023.985380379,30.2468459903313,23.2898002363443,26.9390092281165,78.2902289093126,"alarm","tink","DICK",0.349236243581824
"70",31.4032119076674,31.4467555332484,31.5671681725218,31.383820479742,31.4815904337133,21.5,344.091588483172,4565849.63514388,279032.896705256,31.4837288147546,12.3861522912044,41.1577625850971,119.612812293753,"song","song","DICK",0.598767408542232
"71",31.2742292112099,31.318351930714,31.438063835474,31.4393410720912,31.3520245324409,21.5,344.091588483172,4565845.29285665,279030.380869223,31.3582546334454,39.7766518405735,29.1167127553669,84.6190773907594,"call","check","RWBL",0.679564111557071
"72",31.6603786526006,31.636342805964,31.5058293198793,31.4932888781559,31.5861810390702,21.5,344.091588483172,4565840.81595531,279030.499419132,31.5717297781612,12.3591006343413,31.6286879612143,91.9193872208275,"alarm","tink","DICK",0.371666626184378
"73",32.5433691836,32.6087420412104,32.7038403900254,32.4783446715897,32.6196568700121,21.5,344.091588483172,4565860.21007169,279026.707905487,32.5885363515939,25.1629522260659,38.0382549993804,110.546890050585,"","","",0.562490711470984
"74",32.3406768222691,32.4039587005654,32.5060225006066,32.4977784393973,32.4204468229839,21.5,344.091588483172,4565848.56329244,279029.022441237,32.4166285491465,65.3777785856796,24.6570606119913,71.6584230398797,"call","check","RWBL",0.503609405878981
"75",33.2033601043614,33.2779044723914,33.1069865444472,33.1441426157394,33.2780205851142,21.5,344.091588483172,4565844.78410601,279015.633690468,33.1984364419971,168.261855747593,37.1109940892759,107.852081629978,"call","check","RWBL",0.616471164297134
"76",33.287024542625,33.3619188789047,33.5567602684819,33.3886253864153,33.3638928381555,21.5,344.091588483172,4565810.06967753,279046.478563367,33.4852413929207,240.513141556524,86.9661233858085,252.741206982633,"alarm","tink","DICK",0.272695400897221
"77",34.0479072970504,33.7121053172895,34.183296338683,33.8382052308512,34.1035259513746,21.5,344.091588483172,4565783.53451199,278986.096750953,34.1160064887393,3589.50390374197,137.884646600465,400.720770909541,"song","song","DICK",0.416246168155696
"78",34.0337177669528,33.7104566535643,34.1714288590788,34.1587724433607,34.0915424919771,21.5,344.091588483172,4565911.33866076,279009.295841922,33.8996675391419,229.627785025226,56.240078489843,163.445083728321,"call","check","RWBL",0.592667327483638
"79",34.8729472060563,34.9397128208016,34.9762887662707,34.4230050197294,34.9048785870214,21.5,344.091588483172,4565840.86934564,278935.760901111,34.6360430911388,294.340892434586,66.6705531758316,193.758160348323,"song","song","DICK",0.564802520711826
"80",34.9108971304317,34.9774315201522,35.0171431454304,34.9962422900208,34.9431773404531,21.5,344.091588483172,4565855.01816213,279017.885161018,34.898311612941,64.4061335376531,4.07459968163929,11.8416137389495,"call","check","RWBL",0.727180446150536
"81",35.6060916920266,35.5455962702716,35.4827785674511,35.5469896389109,35.5323592681985,21.5,344.091588483172,4565825.54860446,279043.099832547,35.4560337956393,83.0618031648603,3.2937460507048,9.57229458942697,"song","song","DICK",0.653353013071137
"82",35.471662114625,35.3895686328425,35.320131713315,35.3759831485871,35.3751703418368,21.5,344.091588483172,4565863.74851121,279004.925280898,35.4866535118975,96.5337090865538,76.6199989138836,222.673269206145,"alarm","tink","DICK",0.484683736402783
"83",35.9882619373238,35.9283478111553,35.8655308687965,36.0355197849024,35.9954609214758,21.5,344.091588483172,4565853.45932897,279048.833642962,35.8925800405491,269.129132224149,18.0392121940808,52.4256122435349,"call","check","RWBL",0.64800229314654
"84",37.27683186717,37.2826375841721,37.4166335325797,37.4296383386643,37.3322184073697,21.5,344.091588483172,4565842.88991401,279028.465577382,37.3497513856468,53.909926396652,31.188299481592,90.6395289087902,"song","song","DICK",0.606435042459777
"85",38.1046784373131,38.0373319541655,37.9826419652645,38.3494480691668,37.8751198214806,21.5,344.091588483172,4565895.39853413,279040.06850467,38.127215047997,1261.73168158014,90.379443258368,262.661007369519,"call","check","RWBL",0.733988774342617
"86",38.5803851943215,38.567494839641,38.9644248603414,38.9587345235905,38.6414692174017,21.5,344.091588483172,4565780.93209539,279019.84078146,38.8159737860566,223.096088962475,118.515828936876,344.431055287688,"song","song","DICK",0.457529822529563
"87",38.8531730962337,38.5987706802465,39.2472588104558,39.2318158522968,38.9869346586332,21.5,344.091588483172,4565863.697514,278945.54389668,38.9533106470695,2386.36132974433,112.554495647361,327.106210714203,"alarm","tink","DICK",0.265409271017946
"88",39.0158138775523,38.9366233761967,38.6380914422008,38.6317051114463,38.5698157606801,21.5,344.091588483172,4565789.8104873,279049.956010842,38.7606050655956,460.133722037604,78.454468816413,228.004611104435,"call","chit","RWBL",0.609858584333633
"89",39.4993622369784,39.5000589207189,39.3505041444163,39.3342481904704,39.4271393558757,21.5,344.091588483172,4565854.55054243,279029.559007976,39.4448765593856,70.1108495537594,45.4332738201276,132.038315787977,"song","song","DICK",0.520116911362686
"90",40.0802007632973,40.0802007632973,39.930063299398,39.9154327344704,40.0075124010382,21.5,344.091588483172,4565854.69109586,279029.324741223,40.0257024157984,65.52417137316,45.6018473548082,132.528224696892,"call","chit","RWBL",0.661714790834145
"91",40.5138537731919,40.4531259504421,40.3752131988836,40.3600022146002,40.4402372538356,21.5,344.091588483172,4565853.33101737,279030.952779519,40.458938183056,29.1483663948846,42.7651746524376,124.284278034681,"song","song","DICK",0.658582634753187
"92",41.0794441976964,41.0334625021141,40.940918533985,41.5083744590126,41.0045497692858,21.5,344.091588483172,4565917.84409146,279004.49123803,41.2350211257213,44.2523733520781,139.261981664577,404.72358617795,"call","check","RWBL",0.694136073390995
"93",41.3705515272287,41.3185326983,41.2395755472474,41.4140940737651,41.320971080906,21.5,344.091588483172,4565852.44484506,279036.444714161,41.3044572155318,64.8853369426115,23.2588813697738,67.5950303589338,"song","song","DICK",0.577297248016321
"94",42.0263606720266,41.977128313439,42.0393654459932,42.0744318900815,41.9789861382914,21.5,344.091588483172,4565857.8015342,279038.066340565,41.9441013436566,41.8969654503102,3.97303291802257,11.5464401078112,"song","song","DICK",0.756177429334292
"95",42.793507825122,42.747990649502,42.7602988653584,42.7997780482941,42.7160589574217,21.5,344.091588483172,4565844.90435884,279036.927496755,42.6988575284873,18.3765963559123,0.863977064290831,2.51089271928856,"song","oakalee","RWBL",0.589139309573249
"96",42.5862701858503,42.5776779200065,42.8555332195243,42.7077230246701,42.5062692241421,21.5,344.091588483172,4565851.76918075,278992.437532357,42.6715458698456,530.815208188515,61.4531547040812,178.59534135949,"call","check","RWBL",0.701298471069309
"97",43.8387084874826,43.7776320157554,43.7164394290629,43.7808832347827,43.7660205192293,21.5,344.091588483172,4565826.1799963,279042.980056979,43.6903142051721,85.4209349584331,3.38464346963473,9.83646093923698,"song","song","DICK",0.518392048656149
"98",44.6142951769123,44.5780676636101,44.4476718384868,44.560302248433,44.6739776828014,21.5,344.091588483172,4565846.22451173,279015.15552092,44.5566126626685,371.708567996059,38.3841366416437,111.552092310216,"song","song","DICK",0.59318223361528
"99",45.1676200870504,45.1198971915865,45.1812054368541,45.2165041235233,45.12036164799,21.5,344.091588483172,4565857.91846483,279038.040848273,45.0857751082123,44.9007901261892,4.18695448078974,12.1681395911092,"song","oakalee","RWBL",0.527611452044782
"100",45.6033288072177,45.5553735453703,45.6169141961673,45.651980755678,45.5559541175476,21.5,344.091588483172,4565857.86724803,279037.990177737,45.5215114773728,44.0826677828205,4.11743454634331,11.9661005504198,"song","song","DICK",0.767160922368719
"101",46.3252568849647,46.279624503704,46.3041243318109,46.1602604122639,46.2493190291263,21.5,344.091588483172,4565840.34307851,279030.04705831,46.2285644846855,66.9513774255889,22.3673065512089,65.0039329639202,"song","song","DICK",0.670269006201953
"102",46.8120169733599,46.4730781061816,46.661300067023,46.6465534976048,46.7368907496311,21.5,344.091588483172,4565798.05728485,279059.045598791,46.5647406178324,798.313256403588,44.7694929028695,130.109233707871,"song","song","DICK",0.647906241772405
"103",47.8025737515712,47.8086116349747,47.9426062012762,47.9556108732222,47.8580758336267,21.5,344.091588483172,4565842.88165053,279028.491373428,47.8756843077425,53.4348990308844,31.2116357353511,90.7073487990174,"song","song","DICK",0.562854584112495
"104",48.4298567329446,48.3502026049727,48.4751411497216,48.5374943082068,48.4434420579777,21.5,344.091588483172,4565846.00293046,279028.509910196,48.4377003816519,249.763112129699,26.2986463713181,76.4292044663109,"song","oakalee","RWBL",0.397447607615676
"105",48.9241054741562,48.8633776887415,48.8017209888271,48.8661644322404,48.850024542809,21.5,344.091588483172,4565825.9851283,279043.103949963,48.7749899031569,80.988592021284,3.26360697893828,9.4847043292309,"","","",0.312841756819573
"106",49.1965038714319,49.1357757976724,49.0353364404984,49.0356847850897,49.1195197167425,21.5,344.091588483172,4565847.82776674,279030.346788365,49.118664765097,51.8525842033034,37.319892688981,108.459183363054,"song","oakalee","RWBL",0.628258320618715
"107",49.8241285731292,49.775824209655,49.8381786403897,49.8722007040866,49.7765209072052,21.5,344.091588483172,4565857.72402849,279037.727543029,49.7426989747604,41.6030030843632,3.88720668360416,11.297011649543,"song","song","DICK",0.774800979569228
"108",50.9132859373141,50.9008616720862,50.6127812792763,50.8158657641713,50.974594461056,21.5,344.091588483172,4565851.04859048,278990.10524496,50.8090646713344,591.205674704151,61.5594539248799,178.904268471795,"song","song","DICK",0.473385881010315
"109",50.5705866115933,50.9160233414781,50.2504625563689,50.9940514028168,50.3028296034876,21.5,344.091588483172,4565978.632638,279058.647835357,50.5271087538435,3932.66631242113,154.956041313562,450.333709105302,"call","check","RWBL",0.726561766772138
"110",51.6371165469052,51.8316071794012,51.7582232511997,51.7632161450489,51.7550881783177,21.5,344.091588483172,4565831.2429616,279014.397643523,51.6914059571938,309.888687227598,25.0105710032475,72.6857959925708,"alarm","tink","DICK",0.1665394798612
"111",51.9150589614363,52.0438292461823,51.7760706558989,51.8293669234358,51.8399332858451,21.5,344.091588483172,4565868.42082818,279006.355082321,51.9519225276429,96.0417599717411,74.4983020598882,216.507187485437,"song","song","DICK",0.634402986011657
"112",53.3645679865705,53.3164971461612,53.3783854503597,53.4135677321086,53.3171938250077,21.5,344.091588483172,4565858.02587441,279038.072852965,53.2825693522254,44.8702435437331,4.20967380375941,12.2341665552376,"song","song","DICK",0.791409336029243
"113",53.0385318261861,52.9591109636458,53.1677648963722,53.4676831535965,53.0086909465474,21.5,344.091588483172,4565768.51690781,279019.242468616,53.2661160537602,1242.67248324771,146.247484814209,425.024876251404,"alarm","tink","DICK",0.261070156697717
"114",54.0105631765154,53.9616795905406,54.2957367802067,53.9522744350443,53.9442626359178,21.5,344.091588483172,4565871.01293873,278994.250449518,54.0845197535233,180.789842924122,74.62485295502,216.874970074049,"call","check","RWBL",0.657268660013717
"115",54.5902043966426,54.5294771484755,54.4672404276007,54.5316833008946,54.5168208003872,21.5,344.091588483172,4565825.81057722,279043.071836377,54.4407999426219,83.6837239469688,3.31977255703581,9.64793289969704,"song","song","DICK",0.558851451014929
"116",55.2104247566282,55.2065929861661,55.0598245660407,55.0457747410128,55.1377372321041,21.5,344.091588483172,4565853.58670179,279029.415609782,55.1530495888657,57.7926242308609,44.2741054165459,128.669537118636,"song","song","DICK",0.598757196968217
"117",55.6198817215456,55.3520088199394,55.2276516991677,55.1859670993945,55.2959261968463,21.5,344.091588483172,4565868.45786026,279075.643869628,55.4038930067513,521.49167103814,96.7474068638207,281.167602179128,"alarm","tink","DICK",0.262541547201477
"118",56.16520108374,56.1402366855383,56.0139052192896,56.0728908671337,56.2368431009049,21.5,344.091588483172,4565850.05098636,279016.628927825,56.1229893321518,335.876975540919,42.1368454103432,122.458225718598,"call","check","RWBL",0.72034552951894
"119",57.2906242014027,57.2429018383777,57.3043255124415,57.3389271284548,57.2432501767939,21.5,344.091588483172,4565857.70764979,279037.814248322,57.2091895628396,42.9568545854186,3.98619307795447,11.5846862038286,"song","song","DICK",0.725237162516014
"120",57.9437320935154,57.8618724067881,57.8252968020801,57.8925262469243,57.876038196548,21.5,344.091588483172,4565851.29998922,279003.622873118,57.9719006592191,67.0221122140587,68.6876519299285,199.620258759356,"call","check","RWBL",0.726585693673491
"121",58.3436450195621,58.2637478808227,58.3449224447455,58.3983420433212,58.3131029447242,21.5,344.091588483172,4565867.87600112,279050.47152017,58.2241743817878,10.7235234679541,0.55576776554546,1.61517393667018,"song","song","DICK",0.459048456458842
"122",58.6115239972655,58.4860041893725,58.5571823968086,58.6129173716361,58.5357012085938,21.5,344.091588483172,4565848.3059241,279048.654188656,58.4836654754436,72.0346119129015,6.09407109863352,17.710607589966,"alarm","tink","DICK",0.28440076016237
"123",59.5555595572886,59.5621780881898,59.3157829553427,59.3773236812659,59.4835685194162,21.5,344.091588483172,4565817.02419803,279017.065571595,59.4164557587173,91.7727085771964,32.244145042354,93.7080304243791,"call","check","RWBL",0.707989208516451
"124",60.2807752782095,60.2866970115833,60.4206907432181,60.4335792217375,60.3361609021175,21.5,344.091588483172,4565842.88960978,279028.461458049,60.3537428319243,53.5025265300473,31.1879222835663,90.6384326947635,"song","song","DICK",0.513929043060366
"125",61.1282675762825,61.0674245922393,61.0057688202414,61.0700951812336,61.0552327729177,21.5,344.091588483172,4565826.00567069,279042.996826247,60.9794494851217,84.4230975800334,3.34702668708522,9.72713893367638,"song","song","DICK",0.65652286525234
"126",61.3039369299098,61.243325516043,61.1812046225204,61.2458800200757,61.2309013373384,21.5,344.091588483172,4565825.99277182,279042.989918653,61.1551643483678,83.5167873936637,3.30343028404704,9.60043893722962,"call","check","RWBL",0.681142370383043
"127",61.8762342125052,61.8282787131719,61.8901680137643,61.9248864019016,61.8290915182453,21.5,344.091588483172,4565857.87157688,279037.89924758,61.7946210745982,43.3614071128354,4.04968605415658,11.7692096805052,"song","song","DICK",0.798632487743531
"128",62.3996150076244,62.3096256898386,62.2629473598387,62.078788575312,62.3246045569281,21.5,344.091588483172,4565829.61336598,279059.859691964,62.2198243876671,112.282727364373,44.445475149583,129.167572347548,"alarm","tink","DICK",0.369458729774209
"129",62.9341081820266,62.9343404101332,62.7837404830386,62.7691101123262,62.8615368987312,21.5,344.091588483172,4565854.86799751,279029.327345287,62.8798407801187,66.1185857998467,45.8104759288885,133.134541680692,"song","song","DICK",0.450364701848789
"130",63.7107775120837,63.642385678506,63.4489378096766,63.6542294255771,63.6416889875018,21.5,344.091588483172,4565812.95067177,279063.751624326,63.4964738861925,131.203509672043,16.5044867284837,47.9653885212334,"call","check","RWBL",0.723943664204583
"131",64.0908363001288,64.0222139559021,63.9715890115994,64.0342896306898,64.1510985618101,21.5,344.091588483172,4565857.9019291,279003.828440186,64.1396950552945,239.635693074175,70.7695274421568,205.670611577934,"song","song","DICK",0.63156280185122
"132",64.3372057842769,64.0455285368948,63.9623912323066,63.8892396933533,64.1808008271815,21.5,344.091588483172,4565863.59799831,279087.234976384,64.1157521605553,533.900195083698,94.7629842957212,275.400467397231,"alarm","tink","DICK",0.441688402966288
"133",65.6200043610193,65.5714695288655,65.6359117103138,65.6706292098688,65.574256217793,21.5,344.091588483172,4565858.74688417,279038.153233319,65.5379269771762,45.4390883114064,4.32505698063636,12.569493487772,"song","song","DICK",0.759442517947198
"134",66.6045056116188,66.5437783883533,66.4815416929989,66.5462167663429,66.5311220454547,21.5,344.091588483172,4565825.87782125,279043.081538242,66.4552519009409,83.2670382592556,3.30617318420241,9.60841036183625,"song","song","DICK",0.458725001135179
"135",67.662017150903,67.3644897774232,67.6164938369279,67.6243907383318,67.6245068692348,21.5,344.091588483172,4565814.56380534,279014.748131087,67.5424109549523,356.169564114835,51.7168894565998,150.299778278739,"alarm","tink","DICK",0.143528738949823
"136",68.6595984077463,68.6655202978727,68.7995175764189,68.8125225115984,68.714985497752,21.5,344.091588483172,4565842.87915833,279028.477843654,68.7326286855387,53.689973085955,31.2079037653138,90.6965029365722,"song","song","DICK",0.610719894551393
"137",69.7376725706728,69.6582503583164,69.723158277479,69.5868400358029,69.6560441857509,21.5,344.091588483172,4565839.58986962,279027.917166381,69.6319507827103,181.966299723896,19.3384713029437,56.2015229380983,"","","",0.623879010916456
"138",70.9541067315467,70.9056875715687,70.7598495261672,70.7554372286152,70.908474285812,21.5,344.091588483172,4565862.04921798,279031.368130973,70.8813900877344,76.8880110124441,53.5025439453228,155.489252675932,"song","song","DICK",0.762875407607564
"139",70.9889158080322,70.940727641295,70.5862252965992,71.2763030674892,70.9431660786479,21.5,344.091588483172,4566030.42095644,279012.314521124,70.9520045090763,1446.95352649228,205.69180165343,597.782127020782,"call","check","RWBL",0.745139768123036
"140",72.6095802074814,72.5966914466018,72.4293697850925,72.1595186113606,72.6691471834386,21.5,344.091588483172,4565858.81422847,279089.763737225,72.4257432819394,1154.53022623019,84.3384238234787,245.104578682845,"song","song","DICK",0.416843040580732
"141",72.9568668615456,72.9436299691386,72.5178432633778,72.5827504814089,72.8002303013953,21.5,344.091588483172,4565783.84277933,279015.750111375,72.7064029545116,722.231115964659,66.2468127343712,192.52668461441,"call","check","RWBL",0.716715132100305
"142",73.7030086374338,73.6418161021803,73.5803913371915,73.6443706292687,73.629507926209,21.5,344.091588483172,4565825.84599257,279043.12285118,73.5534707935463,84.9841409429292,3.3933750034195,9.86183654874625,"song","song","DICK",0.666655328835843
"143",74.2919607869528,73.9784532416407,73.9167967577293,74.4597453806477,74.2183445707573,21.5,344.091588483172,4565916.99480618,279009.023788197,74.1890909972602,1170.50353419734,110.437491480788,320.953766895666,"call","check","RWBL",0.764886751940551
"144",75.1358650636635,75.1376067935694,75.0499397216423,75.0563260646303,75.0601578704232,21.5,344.091588483172,4565810.13088476,279026.690955483,74.9773536462053,131.181267931468,3.75320930663892,10.9075880732332,"song","song","DICK",0.626977407652688
"145",75.1953110020742,75.1969366001532,75.1093865321854,75.1158889245013,75.1197206914018,21.5,344.091588483172,4565810.28390912,279026.72537255,75.0371928014593,129.926434586076,3.72894739104743,10.8370780218296,"alarm","cheer","RWBL",0.622358884961487
"146",75.8294981876567,75.808365564628,75.6797120134424,75.6653139625877,75.7572757067565,21.5,344.091588483172,4565843.76385346,279030.373525474,75.7493921076433,23.7823282029718,33.8759627424611,98.4504238879927,"song","song","DICK",0.651991020733481
"147",76.3354154814027,76.2869964415452,76.64055993403,76.3866212285902,76.2897831488751,21.5,344.091588483172,4565838.52449927,278984.255191574,76.4472763548235,234.869600553792,79.5726398559126,231.25424311209,"alarm","cheer","RWBL",0.505484055527637
"148",76.7209270715364,76.6722756940231,76.7377634670959,76.7721329366519,76.6752946339165,21.5,344.091588483172,4565859.03294903,279038.155987524,76.6388014968693,46.1845714536991,4.38897579905704,12.7552545483735,"song","song","DICK",0.76998750891258
"149",77.7587306320022,77.7644202182163,77.6389009794928,77.701486427848,77.8144653540996,21.5,344.091588483172,4565835.89256808,279020.298162199,77.6931980671587,394.070465344611,26.2618674603482,76.3223174856323,"alarm","cheer","RWBL",0.485188924007611
"150",78.4933303121463,78.4991360267777,78.6332480347622,78.6461367212438,78.5488329440222,21.5,344.091588483172,4565842.90537785,279028.45306266,78.5662387257539,53.660765044934,31.1753055108124,90.6017657921823,"song","song","DICK",0.592084051446544
"151",78.7136589125773,78.7193485551538,78.8534615587413,78.8663503409043,78.7690458413317,21.5,344.091588483172,4565842.90322786,279028.439509597,78.78648525084,53.9154771332091,31.1710363411869,90.5893587186927,"alarm","cheer","RWBL",0.590958372068249
"152",80.1900972704363,80.1608365745337,80.3094623314993,80.3394197106377,80.237820072087,21.5,344.091588483172,4565850.00931905,279028.844005054,80.2346227052684,146.523590852246,25.5914162190966,74.3738500900557,"song","song","DICK",0.698247020338756
"153",80.5030034883316,80.4731620198915,80.6216726741129,80.6515141425531,80.5495654682712,21.5,344.091588483172,4565849.63360851,279028.694377169,80.5476783389371,147.46259096406,25.843521149405,75.106518189906,"song","song","non-target",0.684343990329552
"154",80.3102563271344,80.2816922169955,80.4307829382084,79.9760794613628,80.4390270512973,21.5,344.091588483172,4565904.87645252,279015.051770585,80.1901709223177,870.127406419475,70.3693781282921,204.507696449352,"call","check","RWBL",0.733541164811991
"155",81.645372611355,81.5968374985796,81.6824125658415,81.7065640095192,81.5995080909093,21.5,344.091588483172,4565865.07540013,279037.27380553,81.5613353899718,83.8239735604768,4.97575637723783,14.4605580135568,"song","song","DICK",0.753726190827049
"156",81.3063128069052,81.2562677546033,81.4453010380083,81.4724716696525,81.2596350551062,21.5,344.091588483172,4565866.6508413,279029.803437497,81.3274850033202,161.614567668037,29.643288176794,86.1494124499463,"call","check","RWBL",0.740853767638066
"157",82.5883854948291,82.5534355847187,82.7008986605998,82.5078033100562,82.6322760796189,21.5,344.091588483172,4565853.39155122,279032.265847566,82.6286642423883,198.70075164684,42.7513310859803,124.244045820583,"","cheer?","",0.679765320728085
"158",83.1505933961861,83.1199397299425,82.9885005246858,82.9994150876665,83.0624641057357,21.5,344.091588483172,4565846.53696363,279027.183780229,83.0763692476899,38.1011545680757,36.6195467871558,106.423836015819,"call","check","RWBL",0.721234634350266
"159",83.704884965718,83.6353330175726,83.5857525804139,83.6475249283493,83.6355652444445,21.5,344.091588483172,4565853.91408689,279006.96109572,83.729290615575,85.9255188824457,65.5811993050369,190.592276882247,"song","song","DICK",0.641617168779265
"160",84.6993850573862,84.6199625530456,84.5765356281575,84.6415599007171,84.6264649803015,21.5,344.091588483172,4565853.05073453,279004.721706811,84.723421238394,78.3581549543165,68.0396714970705,197.737096094106,"song","song","DICK",0.469283219527662
"161",84.9467381207849,84.8670842118624,85.0788753632832,84.8889135629957,84.8740510260539,21.5,344.091588483172,4565848.56603748,279011.05136985,84.9601588970103,122.105861489268,43.4210499336164,126.190384731651,"call","check","RWBL",0.749354713966802
"162",85.4310644088878,85.4300193669074,85.2811589425912,85.6565612450985,85.3589565122416,21.5,344.091588483172,4565887.51073613,279000.879641861,85.5053541273267,349.930279227233,92.8541076239327,269.852884324354,"","cheer?","",0.656407832422936
"163",85.7937006726528,85.7806960944348,85.6434513493132,85.9540517665724,85.7471396381403,21.5,344.091588483172,4565877.29591325,279012.668583725,85.8228971479068,181.447537977929,67.1708702524564,195.212183327583,"song","song","DICK",0.626797805821143
"164",86.6124701031956,86.5638123892345,86.6283796659943,86.6406892547291,86.5667155941248,21.5,344.091588483172,4565852.40866447,279032.149173258,86.5371762377008,16.4937962539203,1.21158071755193,3.52109949241371,"song","song","DICK",0.730561796510882
"165",87.3983048824333,87.3679989022605,87.5154647827948,87.5469319116332,87.4452152885245,21.5,344.091588483172,4565849.29262642,279028.823084762,87.4433122653497,151.766198695667,26.096993437461,75.8431601089176,"song","song","non-target",0.400887466914808
"166",88.4174024159363,88.4232081095613,88.5401347791692,88.5695115889118,88.4704664556689,21.5,344.091588483172,4565841.66509277,279030.093415464,88.4898914603938,82.2773566029155,31.9243137504387,92.7785357705713,"song","song","DICK",0.631686271752761
"167",89.3073183580471,89.313356342948,89.4473531617089,89.4604741673588,89.3628213730972,21.5,344.091588483172,4565842.87097077,279028.507704995,89.3804913609334,53.6229597802244,31.2316997213642,90.7656588149686,"song","song","DICK",0.506824944039481
"168",90.5330478613318,90.4537429120478,90.5346734386232,90.4747593041714,90.4601291085494,21.5,344.091588483172,4565841.75546657,279025.155911333,90.4340689028438,194.701321913109,9.8333177391148,28.5776173211967,"song","song","DICK",0.397492769500908
"169",92.4441755210193,92.3955245768268,92.4600828703138,92.495380930062,92.3983112657543,21.5,344.091588483172,4565859.01098516,279038.391789611,92.3615613504939,47.5656168946516,4.54507805339239,13.2089193851789,"song","song","DICK",0.730695932993024
"170",93.0157277461616,92.9371197033337,93.1735243934336,92.9324752104044,93.3085630253522,21.5,344.091588483172,4565865.12082727,278976.013477209,92.9747241966526,2469.88385450076,53.4472469547727,155.328548397185,"call","check","RWBL",0.705483417663575
"171",94.2048314313207,94.1935685051074,93.8220080527114,93.9006163109214,94.2654422301178,21.5,344.091588483172,4565891.44429821,278996.403596403,94.0784307181418,489.399649150766,96.672614267537,280.950239712892,"song","song","DICK",0.592548336344161
"172",94.7488429065577,94.7511651888661,94.6629184611479,94.6688402810342,94.6730203891893,21.5,344.091588483172,4565809.47762729,279026.515693868,94.5887306805119,136.088027944248,3.83623849556807,11.148887749564,"song","oakalee","RWBL",0.50751414998123
"173",94.9812137709949,94.9833037868102,94.8952908985854,94.9012126100623,94.9052765297033,21.5,344.091588483172,4565809.60833381,279026.567501602,94.8213573541989,134.735853263157,3.81209089250384,11.0787099135679,"song","song","DICK",0.534928046331562
"174",95.9483058724821,95.8689993519542,95.8254562403906,95.8895517006122,95.875037330091,21.5,344.091588483172,4565853.06124464,279005.127069498,95.9712588416043,79.4728268434983,67.4893023897171,196.137611753964,"song","song","DICK",0.538745605195991
"175",96.4210690326726,96.3523287482717,96.300773534971,96.3634758214178,96.3516320562001,21.5,344.091588483172,4565854.45645088,279006.587892799,96.4465149296324,86.2276000283363,66.4176358611851,193.023131294688,"call","check","RWBL",0.769327939779585
"176",97.6875098461395,97.6933154600941,97.8275412547239,97.8405458299821,97.7428954032662,21.5,344.091588483172,4565842.87581913,279028.470183702,97.760578225171,53.8602545488623,31.2295286316432,90.7593491875507,"song","song","DICK",0.575915337312126
"177",98.4785850032722,98.4300491236833,98.4942604667758,98.5287464864837,98.4327197582062,21.5,344.091588483172,4565858.55591271,279038.042754995,98.396720393726,44.2725240437914,4.20587222629096,12.2231183994684,"song","song","DICK",0.774646583576011
"178",99.089095943626,99.0413721640157,99.0514742779478,99.0909538036595,99.0157104723031,21.5,344.091588483172,4565843.9605086,279037.011709141,98.9922154796197,14.0332264413985,1.18032915882209,3.43027611928915,"song","oakalee","RWBL",0.589495775837267
"179",100.067597921045,100.069455730484,99.6475007615406,99.6486618924402,99.9918921863858,21.5,344.091588483172,4565775.12794813,279025.311443003,99.8093393670051,235.472135531181,69.3020877720674,201.405934035079,"song","song","DICK",0.72719905649889
"180",100.339435039772,100.574919389634,99.9200220852835,100.789386645154,100.263959286611,21.5,344.091588483172,4566108.0223501,279044.140825987,100.328245772135,2627.92995486707,269.309305065648,782.667505046607,"call","check","RWBL",0.675669966091639
"181",100.977148826123,100.957755179079,101.00432315791,101.016052249835,100.89667099737,21.5,344.091588483172,4565852.69247434,279030.157303967,100.91191603025,28.4354798393516,6.69090091774677,19.4451161890986,"song","song","DICK",0.649670308496638
"182",101.7705096969,101.700608587799,101.650214764958,101.712568412113,101.701653620991,21.5,344.091588483172,4565854.27734701,279006.588934629,101.7955780237,81.0179775836481,66.3043153327262,192.693798837134,"song","song","DICK",0.629727690832369
"183",101.969936473965,101.900732572163,101.849990785104,101.911995623295,101.901429255738,21.5,344.091588483172,4565854.31672763,279006.781259717,101.994991792792,81.3469575128077,66.0815993453671,192.046540970875,"call","check","RWBL",0.704135579043314
"184",102.776100757726,102.728028960717,102.79200857461,102.826959325575,102.731047962462,21.5,344.091588483172,4565858.74227682,279038.15408442,102.694218241373,45.6223832846439,4.33193672432295,12.5894874193788,"song","song","DICK",0.775002834423007
"185",103.798111022971,103.752942699318,103.634622591855,104.197891327184,103.715786237701,21.5,344.091588483172,4565912.94410365,278975.416958943,103.954487062881,325.002064940316,152.362495056318,442.796337242544,"call","check","RWBL",0.727629729572038
"186",105.578262193632,105.580352268378,105.492220783251,105.498374892225,105.502206695926,21.5,344.091588483172,4565809.61749025,279026.603166541,105.418415772171,135.302820307039,3.82873096168063,11.1270693322045,"song","song","DICK",0.675174649646869
"187",107.330948507268,107.251758393681,107.190682147718,107.251177821001,107.25442902801,21.5,344.091588483172,4565860.58998341,279003.902881198,107.354971373013,45.201976245285,74.8046595233474,217.397524458828,"call","check","RWBL",0.718019709651906
"188",107.654894283123,107.586029416672,107.678700855842,107.597642378974,107.586958453657,21.5,344.091588483172,4565844.44130767,279020.778073644,107.562509924227,222.048988035761,10.5640494271046,30.701271930747,"song","song","DICK",0.629336916407869
"189",108.05199880791,108.00334627945,108.06825502267,108.102160842026,108.006133059123,21.5,344.091588483172,4565858.59467514,279037.917957495,107.97034646092,43.531880987885,4.12918302147577,12.0002440038656,"song","song","DICK",0.745230385703807
"190",108.862001227648,108.862814020725,108.712679528127,108.697120346373,108.789314303931,21.5,344.091588483172,4565854.71589202,279029.43464773,108.807842504114,68.7045058918905,45.6382052872826,132.633888228612,"song","song","DICK",0.562832054381802
"191",109.332094207309,109.291221861641,109.203555324767,109.16906928311,109.257780851549,21.5,344.091588483172,4565843.90970494,279033.724190712,109.252967717299,43.9836075021003,32.3943032388004,94.1444206224315,"call","check","RWBL",0.737248950168015
"192",109.918270618852,109.85812320255,109.832113509014,109.838615932398,109.842679947013,21.5,344.091588483172,4565825.91032208,279036.11434088,109.776655997841,132.245174671136,5.20682208386669,15.132081858843,"","","DICK?",0.689973499618002
"193",110.49751512284,110.501346874304,110.411126544377,110.417280569456,110.422273457727,21.5,344.091588483172,4565808.2210338,279026.215311441,110.334567522543,147.107344610002,4.01027648756741,11.6546774806253,"song","song","DICK",0.541621386018083
"194",111.322573470825,111.328495164993,111.226665247638,111.232703053456,111.378074839691,21.5,344.091588483172,4565833.51444033,279022.379882389,111.252130197654,432.162893949644,23.7323818266943,68.971118798084,"song","song","DICK",0.591158005637821
"195",111.807407056903,111.758407031072,111.458136730606,111.672250587551,111.373605880359,21.5,344.091588483172,4565788.42563512,279033.604371315,111.574632809901,499.563442716787,66.519202050937,193.318303258059,"alarm","tink","DICK",0.264993319923459
"196",112.128417557675,112.469564453455,111.978512641932,111.963417646543,112.356351988041,21.5,344.091588483172,4565911.09796847,279012.594446949,112.242961159433,1051.67880561239,123.279476728539,358.275182697668,"call","check","RWBL",0.704534673807684
"197",112.794093010568,112.794209125703,112.642794989627,112.629325633964,112.721521051175,21.5,344.091588483172,4565855.06117404,279029.138999329,112.740047349636,63.6771617930484,46.040904508514,133.804213905582,"song","song","DICK",0.665091439661465
"198",113.209453257316,113.166723073006,113.059200924443,113.043757678483,113.137810529818,21.5,344.091588483172,4565844.48029144,279032.07028701,113.126524396996,23.1999836141124,33.9392093389445,98.6342313351968,"call","check","RWBL",0.740096350460581
"199",113.957648757435,113.908880511937,113.958693791267,114.007694266506,113.911899498563,21.5,344.091588483172,4565858.14239949,279041.628589864,113.868320246357,65.8353219865716,5.75053694597935,16.7122276116337,"song","song","DICK",0.789629596289184
"200",114.059085257316,113.71399257316,114.29224343692,113.811412748801,114.013452207224,21.5,344.091588483172,4565838.52926564,278956.298116656,114.063633842607,2388.17801587978,122.987763947165,357.427406143001,"call","check","RWBL",0.779159318961322
"201",115.451841018395,115.679305973749,115.323768611169,115.38519227701,115.390533465344,21.5,344.091588483172,4565844.84442801,278988.187148967,115.497155688401,316.305511537439,75.0232945493764,218.032922223106,"call","check","RWBL",0.721302352356175
"202",116.772652407434,116.778574265674,116.912686937584,116.924995113534,116.828155314077,21.5,344.091588483172,4565842.94610285,279028.384029472,116.845369625848,52.4979479695733,31.0980012264339,90.3771038505197,"song","song","DICK",0.608992040723907
"203",118.863088905074,118.802477319685,118.740588478666,118.804915716799,118.789588649229,21.5,344.091588483172,4565825.94569846,279043.012348903,118.714110283205,82.5557646062606,3.28907043678822,9.55870630632714,"","chit?","",0.693070340723661
"204",119.363591232473,119.28405317958,119.244574437998,119.305882601396,119.332937150774,21.5,344.091588483172,4565853.74089985,279004.530559598,119.397442960022,86.5314563033557,68.6867425763169,199.617615993179,"song","song","DICK",0.627273057475662
"205",120.36822271838,120.386452578711,120.216578147725,120.428717987378,120.420590024173,21.5,344.091588483172,4565856.57086781,279018.661540866,120.3377450194,124.182129048512,38.1178959784155,110.778342901223,"song","song","DICK",0.601383797060686
"206",120.32761545693,120.345961446707,120.463933127805,120.565764982453,120.37917001048,21.5,344.091588483172,4565814.161878,279035.0943792,120.482455495318,126.785043696142,71.1926762313243,206.900367850189,"call","check","RWBL",0.704385991535714
"207",121.165705307842,121.117285067895,121.181497040774,121.215983398721,121.119955728612,21.5,344.091588483172,4565858.58521007,279038.039316748,121.083886665385,44.4587564592879,4.21937752857887,12.2623675492295,"song","song","DICK",0.742183443428995
"208",121.696466958034,121.618553077072,122.114136451059,121.747674143584,121.663838343204,21.5,344.091588483172,4565806.13861462,278968.794785009,121.886936039375,277.952370285022,128.556648424278,373.611714808207,"call","check","RWBL",0.679397716983865
"209",122.124131720277,122.044710049809,122.454010325246,122.007321485641,122.069093896005,21.5,344.091588483172,4565891.55422555,278998.474061928,122.212122587191,258.130552322784,96.6061504926862,280.757082492328,"","","",0.348623722456753
"210",122.865301968928,122.8008587788,122.725965341624,122.778797146143,122.79017630404,21.5,344.091588483172,4565864.77799703,279007.046475593,122.892149700458,68.0795144615681,75.255081687952,218.706542696066,"song","song","DICK",0.554570209597813
"211",124.012760860384,124.014734777456,123.926837411386,123.932991388138,123.936823109513,21.5,344.091588483172,4565809.8236624,279026.621357419,123.853458933715,133.713234174942,3.80162622586495,11.0482974681924,"song","song","DICK",0.658811319344335
"212",123.927577845857,123.909928561357,123.819824319437,123.849549430173,123.851523363308,21.5,344.091588483172,4565812.62521777,279033.551205424,123.766358567653,55.7341814973634,1.66081778347083,4.82667359231902,"call","check","RWBL",0.68238509079328
"213",124.61612665693,124.634704874425,124.751283189211,124.759178931647,124.667332868902,21.5,344.091588483172,4565842.92316005,279028.624067221,124.687648254798,43.3561915305681,29.7700614661407,86.5178413612881,"call","check","RWBL",0.681659568998088
"214",124.897762583436,124.915876347567,124.956051747496,124.947110979304,124.949781598374,21.5,344.091588483172,4565830.61051305,279029.195628175,125.006348394181,55.558410223292,52.5070216061738,152.596062686786,"song","song","DICK",0.501720278650591
"215",125.33674829995,125.342786222777,125.475272183259,124.961932629102,125.392831313897,21.5,344.091588483172,4565898.93538702,278981.311289733,125.172344782145,565.773893770974,68.5273674178583,199.154439432656,"call","check","RWBL",0.71199500526493
"216",126.075636458226,126.081790630207,126.216021249268,126.228445709683,126.131372355414,21.5,344.091588483172,4565842.93321263,279028.429839261,126.148655238969,52.1476735057491,31.1469888131688,90.5194717210938,"song","song","DICK",0.745080984004316
"217",128.480642380504,128.480410154487,128.330972712214,128.315645795057,128.407375071977,21.5,344.091588483172,4565854.56438235,279029.45509236,128.425877100617,66.3781760618359,45.4593113258189,132.11398606462,"song","song","DICK",0.644928489179058
"218",128.947348955826,128.885925892082,129.38334820792,128.925868300263,128.873618057003,21.5,344.091588483172,4565867.80550692,278962.204266612,129.099022465435,307.807341530795,119.403707723349,347.011411263221,"call","check","RWBL",0.758380815922264
"219",129.758069327991,129.679228613847,129.760043248669,129.812061864186,129.72753161397,21.5,344.091588483172,4565866.14398923,279048.597648101,129.645099771726,13.6609402651446,0.842346723759241,2.44803055916735,"song","song","DICK",0.529531949471389
"220",131.301341956595,131.25280664318,131.274984262468,131.305173691865,131.25570947293,21.5,344.091588483172,4565844.93866853,279034.858690162,131.21192585637,53.3310717547598,5.15372768664059,14.9777787633789,"song","song","DICK",0.76839508168121
"221",132.176390307314,132.178712599884,132.090581596854,132.096735672165,132.100683569534,21.5,344.091588483172,4565809.75841203,279026.540386343,132.017080144088,135.16778861982,3.83360047638985,11.1412211303658,"song","song","DICK",0.743796945558932
"222",132.397618111308,132.399940423639,132.659458826637,132.318078913969,132.321910729315,21.5,344.091588483172,4565879.80965791,279011.639613704,132.466368593815,270.414260707597,70.2418994746693,204.137217606249,"call","check","RWBL",0.753086867345202
"223",132.798204360648,132.73828886809,132.67547049314,132.739101675159,132.724819493794,21.5,344.091588483172,4565825.6006972,279042.856652556,132.648809710728,82.5046907445706,3.24863560399494,9.44119447474901,"song","song","DICK",0.677458055483868
"224",133.333640456436,133.265249385458,133.214855964736,133.276280203357,133.263623791241,21.5,344.091588483172,4565853.97911092,279007.237496799,133.357764985773,91.611140016312,65.2608209027927,189.661192214771,"song","song","DICK",0.577035401811108
"225",134.162630903961,134.167855940432,134.012382077424,133.998100311068,134.08878372183,21.5,344.091588483172,4565856.28589895,279029.007962778,134.11217961748,72.8881177499514,47.584583335409,138.290457913173,"song","song","DICK",0.647604415908247
"226",135.167397057218,135.173783351157,135.307314951714,135.597717154317,135.222899757275,21.5,344.091588483172,4565778.96941554,279043.990338478,135.420830077269,307.313933465639,130.237801019298,378.497485490459,"song","song","DICK",0.746952901435136
"227",136.08046565072,136.082555692652,135.994773931535,136.001044057329,136.005108027752,21.5,344.091588483172,4565810.12929324,279026.590089348,135.922139636115,131.990403388581,3.77252139194513,10.9637129131089,"","","DICK?",0.76845240653147
"228",136.944812157289,136.947366677987,136.51890388807,136.507756888657,136.8693376821,21.5,344.091588483172,4565772.79642602,279028.756188529,136.679981100001,272.558382126508,71.7809114408073,208.609898769199,"call","check","RWBL",0.726863461324663
"229",137.619529706975,137.621619758057,137.53395372655,137.53987553795,137.543707298267,21.5,344.091588483172,4565809.97898681,279026.558666008,137.4607300718,133.263650659716,3.80402147602626,11.0552585513502,"song","song","DICK",0.739527282865149
"230",138.522085070633,138.461590059426,138.38704534312,138.664323820592,138.445566428818,21.5,344.091588483172,4565868.2169398,279019.505623062,138.532168508978,49.5670967427953,56.4792274272841,164.140099083085,"song","song","DICK",0.633094865176424
"231",139.281488882061,139.262559519124,139.125176474009,139.121924804302,139.204610119705,21.5,344.091588483172,4565842.19210228,279028.67200437,139.198791103545,7.61597165873942,32.7617886318334,95.2124077669385,"song","oakalee","RWBL",0.547494403438898
"232",139.186512590417,139.167586198572,139.021167915652,139.02964415249,139.109762007538,21.5,344.091588483172,4565837.32397797,279027.414084717,139.092765294997,12.1704965604599,29.292912733761,85.1311502931249,"song","song","DICK",0.684813765295608
"233",140.230612978509,140.151192358468,140.231657986667,140.284372842659,140.200191629897,21.5,344.091588483172,4565866.20772588,279048.964016493,140.116594047662,13.1766394332801,0.77047839048858,2.23916659481567,"song","song","DICK",0.6854326938248
"234",140.907502373638,140.858850072566,141.169226208047,140.970436853785,140.870461600268,21.5,344.091588483172,4565834.88909253,278992.835712141,141.005784469192,170.822260975174,69.0874631124981,200.782191209759,"call","check","RWBL",0.681009773742644
"235",141.631232307197,141.57247842378,141.673381832257,141.704500489877,141.604525996553,21.5,344.091588483172,4565887.38471783,279049.309736726,141.487771103837,175.296279816755,3.7532311689759,10.9076516096221,"song","song","DICK",0.70794082121595
"236",142.706034492509,142.68757268171,142.555669429712,143.155968560723,142.633116145454,21.5,344.091588483172,4565914.17343093,278970.090966566,142.901565546897,607.230635194053,164.119537996256,476.964690475954,"song","song","DICK",0.586947284815919
"237",144.225469226081,144.231739390809,144.365154562522,144.633958846697,144.280739567017,21.5,344.091588483172,4565782.61868849,279042.67959034,144.467812723767,289.828872977571,123.724860352832,359.569557914033,"song","song","COYE",0.341471360285059
"238",145.003551965898,145.0097061031,145.143239268803,145.155895890595,145.058939200716,21.5,344.091588483172,4565842.91674313,279028.444089432,145.076320529515,52.7996137992159,31.1055961804776,90.3991763285978,"song","song","DICK",0.605765158916296
"239",145.781558706955,145.701788450351,145.782952073883,145.834738878025,145.750672406727,21.5,344.091588483172,4565865.58616517,279048.259786642,145.669690478063,12.7971024575091,0.803067434818723,2.33387697257818,"song","song","DICK",0.543766730465812
"240",145.74610945693,145.666455349417,146.002256630652,146.056017347531,145.971718685644,21.5,344.091588483172,4565896.41013422,279035.184794937,145.817455145119,497.522272479611,49.8276767401736,144.809342651544,"call","check","RWBL",0.752971322204308
"241",147.412466407197,147.351970807868,147.456705991351,147.488172992153,147.388546842011,21.5,344.091588483172,4565935.45984269,279074.373996943,147.116682437275,490.566037419747,4.83682327333993,14.0567902129246,"song","song","DICK",0.7493235263112
"242",148.520334456592,148.440795556169,148.521611723606,148.897941032029,148.489331702704,21.5,344.091588483172,4565788.26212329,278975.561332998,148.736194231642,545.614744717511,151.775115449904,441.089292879724,"song","song","DICK",0.5992875227784
"243",149.284547794427,149.265737025927,149.314157337437,149.53419688255,149.204660086228,21.5,344.091588483172,4565865.86127084,279052.040484305,149.350145003936,587.823125669417,55.1767175405621,160.354740968219,"song","song","DICK",0.632069531343207
"244",149.861064524505,149.781989521091,149.719519107234,149.705817417949,149.785473001418,21.5,344.091588483172,4565872.72589362,279026.206252058,149.860112103716,143.852715503083,72.759321535289,211.45335710189,"","","",0.608947562309222
"245",149.985482320436,149.920923007254,149.844287851319,149.900603079544,149.910240530972,21.5,344.091588483172,4565866.43215168,279004.85074593,150.018990978931,73.1359024897713,79.6561171861358,231.496845177985,"song","song","DICK",0.580926976418065
"246",151.499787108179,151.50605739147,151.640055667735,151.652364001603,151.555290726943,21.5,344.091588483172,4565842.92187778,279028.418369706,151.572758019815,51.8679400105701,31.13473850438,90.4838698371804,"song","song","DICK",0.675949437838252
"247",151.130820257675,151.137322717227,151.271087599438,151.283744172495,151.186439509914,21.5,344.091588483172,4565842.89717204,279028.488253141,151.204011936265,52.0109752339422,31.1743617023694,90.5990228932724,"call","check","RWBL",0.626434610915848
"248",152.623609049033,152.563811335276,152.496001888997,152.559399076786,152.550806783935,21.5,344.091588483172,4565823.42225006,279043.353947475,152.468333103957,91.6835359540026,3.3809509537612,9.82572973859996,"song","song","DICK",0.636354616048393
"249",153.633145406257,153.572534674322,153.676919823765,153.708502427379,153.60887789098,21.5,344.091588483172,4565922.00366071,279067.488973663,153.380424056918,399.161558712884,4.62402605297766,13.4383582968748,"song","song","DICK",0.721729888707671
"250",154.835991719655,154.817759677812,154.670277555893,154.680496789537,154.756095892978,21.5,344.091588483172,4565837.88146231,279027.087867163,154.743828890977,14.8273315384737,29.7630481411576,86.4974592153191,"song","song","DICK",0.614863378471807
"251",155.468731530761,155.479415560795,155.548977886772,155.623533835483,155.528190480512,21.5,344.091588483172,4565832.44412482,279030.297859936,155.563296004022,81.1972847681858,43.3943292411918,126.112728975687,"song","song","DICK",0.514008131997027
"252",156.499850757386,156.306984120714,156.172290984928,156.442838404222,156.360280801167,21.5,344.091588483172,4565838.36517356,279066.253948408,156.292176274236,513.370410064819,31.5155362808761,91.5905454701849,"song","song","RWBL",0.393666326108727
"253",157.521755667652,157.446978055554,157.42700639518,157.457080000046,157.44790696999,21.5,344.091588483172,4565829.08410175,279040.396725547,157.379937726006,141.076489014376,6.03839819022419,17.5488108176161,"song","song","DICK",0.637707844486484
"254",158.059516658039,157.999368530085,157.93202120535,157.994491654846,157.985782949061,21.5,344.091588483172,4565823.0918409,279043.532469525,157.902963310011,91.6939093916069,3.42026252164842,9.93997713436023,"song","song","DICK",0.675386816510534
"255",158.713079756427,158.652701072853,158.756970414871,158.788553110894,158.68904439585,21.5,344.091588483172,4565920.47294598,279066.584032315,158.465561885895,386.556209543484,4.57163573614453,13.2861014019472,"song","song","DICK",0.758000812321411
"256",159.785165433083,159.74243505179,159.666611848029,160.139897266913,159.714335181484,21.5,344.091588483172,4565904.67881061,279025.405335283,159.89569524024,210.204491239497,107.67953564427,312.938587423609,"song","song","DICK",0.616376770448878
"257",160.950147556717,160.870145400344,160.951076464193,161.003908076893,160.919493610008,21.5,344.091588483172,4565866.53669592,279049.31699793,160.834803072601,11.2779803765432,0.662798480944987,1.92622692076473,"song","song","DICK",0.626883470251819
"258",162.475644606284,162.427457890834,162.339792902485,162.397616961025,162.399706987237,21.5,344.091588483172,4565812.96494515,279044.109667357,162.296127799729,60.2946893972293,1.62108610546694,4.71120527128554,"song","oakalee","RWBL",0.556074641520943
"259",162.670638169912,162.615948558485,162.752382302492,162.806375230971,162.59551252534,21.5,344.091588483172,4565858.51047442,279033.075840012,162.676968768847,247.471440778056,26.500216541193,77.0150082947727,"song","song","DICK",0.613759574653676
"260",163.387001957503,163.326506039053,163.431706235053,163.463057286841,163.362850036126,21.5,344.091588483172,4565992.12631793,279104.104128113,162.907109712755,892.629623958738,5.40981148248253,15.7220102541016,"song","song","DICK",0.751159891820609
"261",164.619159456763,164.600116838344,164.454394362021,164.464031784758,164.539157236695,21.5,344.091588483172,4565838.99495475,279027.160756409,164.529377669251,15.4237868893576,30.5179621737348,88.691392626784,"song","song","DICK",0.585454090221398
"262",165.503581880816,165.350776340238,165.419631724404,165.140262324228,165.431010860405,21.5,344.091588483172,4565847.96783071,279068.58867719,165.313556920959,258.969203088561,55.7849567979229,162.122407710792,"","","",0.551137782438712
"263",166.686425257408,166.607002723148,166.687818635202,166.486127199514,166.655538716307,21.5,344.091588483172,4565854.10075802,279037.202784131,166.60327651153,43.8375549663391,36.3845604810722,105.740918112712,"song","song","DICK",0.551033343340749
"264",167.830160707529,167.768155266607,167.687919761594,167.751666928384,167.748764051937,21.5,344.091588483172,4565810.91916844,279050.877612077,167.631914044192,98.9720581733945,2.64019780126455,7.67295071903122,"song","oakalee","RWBL",0.745646928769846
"265",168.737887156427,168.676927908588,168.781545589165,168.812547720923,168.713619570144,21.5,344.091588483172,4565908.31802463,279060.092416368,168.529230973973,306.072169264381,4.31843849691153,12.5502588306448,"song","song","DICK",0.693794360862979
"266",169.162272860443,169.101429184552,168.996578346138,169.205583339655,169.138585627844,21.5,344.091588483172,4565855.61930672,279040.04171759,169.077362386827,70.5133050526785,26.3408208498524,76.5517720615266,"song","oakalee","RWBL",0.59333663606746
"267",169.971122555292,169.958582072264,169.805309501927,169.806586773346,169.892976767537,21.5,344.091588483172,4565832.50979147,279027.760913359,169.867562932105,22.3449750434876,26.6900132028261,77.5665959184916,"song","oakalee","RWBL",0.647182363554943
"268",170.658071490539,170.642164135927,170.511654160866,170.504803548296,170.593164839241,21.5,344.091588483172,4565843.88193446,279028.641416975,170.583614705076,24.0867924888499,33.5267422463384,97.4355182413244,"","","",0.656048725504935
"269",171.679686333652,171.600728606592,171.24123871986,171.243212663037,171.649496614482,21.5,344.091588483172,4565905.418175,279045.126962744,171.492425048674,484.42448031105,107.777617850322,313.223634223169,"song","song","DICK",0.624078448322559
"270",172.314908247504,172.25452948295,172.359147303842,172.390381703198,172.290756741682,21.5,344.091588483172,4565921.75944496,279067.027870044,172.063592027915,398.346812655856,4.6376948146529,13.4780824927945,"song","song","DICK",0.744251127224602
"271",173.678536881041,173.33345177269,173.552090823506,173.23556928738,173.60782462297,21.5,344.091588483172,4565826.62502503,279082.665946169,173.421324957954,661.161022470142,72.1544879641663,209.695587974813,"song","song","DICK",0.628616156464331
"272",174.456622857767,174.396707242205,174.329476347998,174.392178736377,174.383237840257,21.5,344.091588483172,4565823.35656773,279043.384551423,174.301030476731,90.9537216441475,3.39033765352662,9.85300939343487,"song","song","DICK",0.642242823882303
"273",175.970710707075,175.910099120989,176.014834083919,176.046184904308,175.94667507811,21.5,344.091588483172,4565926.62577763,279069.715856091,175.703452886294,430.59345950396,4.70780720422288,13.6818433283297,"song","song","DICK",0.734491596028136
"274",176.068759653339,176.008264427598,176.112882850616,176.144349657095,176.044491894836,21.5,344.091588483172,4565930.42890862,279071.780235059,175.789106761098,458.877557831022,4.79276497590768,13.9287478576131,"","","",0.628281332811835
"275",177.141721960864,177.192347546509,177.21464138239,177.308809616238,177.223466025759,21.5,344.091588483172,4565809.70950679,279026.682209953,177.321669366984,276.608817121682,81.0276238770714,235.482722010899,"song","song","DICK",0.550021930601714
"276",178.652134557672,178.572827778004,178.653644057138,178.705663731064,178.621596222309,21.5,344.091588483172,4565865.77584823,279048.399360536,178.539902862306,13.6239503214595,0.832084568219918,2.41820665215305,"song","song","DICK",0.570916922489369
"277",179.754880160908,179.691597586274,179.615658496713,179.667445704579,179.680915023216,21.5,344.091588483172,4565865.3284276,279007.322970961,179.78251772147,65.144943813967,75.5791356416236,219.648309262055,"song","song","DICK",0.442398089200559
"278",180.860241907956,180.799513285897,180.904249838664,180.93571725086,180.836089798227,21.5,344.091588483172,4565930.68927858,279071.991411835,180.579579771135,459.444039761558,4.78074870554294,13.8938261368651,"song","song","DICK",0.746555764634344
"279",181.783244307875,181.715432125827,181.813783013147,182.178505725154,181.714154841576,21.5,344.091588483172,4565777.6865144,278980.580534262,182.014254055696,1070.65691123343,160.535823985056,466.549690135499,"song","song","DICK",0.629950066672596
"280",183.468834987248,183.450372782321,183.303487944375,183.31300933308,183.38848375574,21.5,344.091588483172,4565838.02704629,279027.192421704,183.376902910844,14.3236458249358,29.848788181233,86.7466371753309,"song","song","DICK",0.684754174202797
"281",183.991994156954,183.913268927429,183.826299610447,183.66490127853,183.961340085281,21.5,344.091588483172,4565841.98211826,279064.098318912,183.831019187797,250.450358622606,52.5794918532507,152.806675934835,"song","oakalee","RWBL",0.465056152168445
"282",184.273724809933,184.194640325709,184.275002239193,184.327376838877,184.243066507679,21.5,344.091588483172,4565865.94286675,279048.640602829,184.160754423268,13.9960435524051,0.848961988596314,2.46725586155336,"song","song","DICK",0.420398638956525
"283",184.731977415176,184.653832455982,184.935061417598,184.989983506304,184.701090997426,21.5,344.091588483172,4565883.29388706,279036.304823777,184.782367719511,474.54390097713,48.8789201504069,142.052063422635,"song","song","DICK",0.643531030928485
"284",186.120107157122,186.059611635574,186.164114455907,186.195697530497,186.096071508446,21.5,344.091588483172,4565928.55306662,279070.854336161,185.846468557121,442.823029567428,4.72709377032161,13.7378940042087,"song","song","DICK",0.707340177173427
"285",187.589018856209,187.528175949146,187.460598521835,187.525040913858,187.515055245905,21.5,344.091588483172,4565823.33846182,279043.879351135,187.43238888882,90.9824081823593,3.43508173249827,9.98304476910008,"song","song","DICK",0.535367794466044
"286",188.770323252021,188.691945598944,188.692526174152,188.758131172653,188.92974920413,21.5,344.091588483172,4565840.51310547,279007.282234616,188.798422284482,366.973647567296,53.9725893970737,156.855300168761,"song","oakalee","RWBL",0.615845052694111
"287",189.174829763183,189.095406168734,189.03363226194,189.162985893835,189.101444219774,21.5,344.091588483172,4565837.51663671,279058.939748193,189.017148816135,43.2309873731885,4.41133017390486,12.8202208991825,"","","non-target",0.594903389474426
"288",189.133623974169,189.583570905798,188.994633915547,189.057452312969,189.059774619713,21.5,344.091588483172,4565927.96885813,278984.601817661,189.353166247617,529.114731523528,180.436330666258,524.384601965015,"","","",0.646185939370576
"289",190.033363984627,189.972867937141,190.034292906661,190.108722784663,190.008979781226,21.5,344.091588483172,4565789.67404329,278976.010443608,190.254632281667,383.350254511755,156.412014417779,454.565062480241,"song","song","DICK",0.730039037263294
"290",191.62861818388,191.608994958449,191.46280773468,191.473722428115,191.548499689519,21.5,344.091588483172,4565838.78391556,279027.080480505,191.538110027295,18.6363446347645,30.3875505066191,88.3123898511259,"song","song","DICK",0.598126401208452
"291",192.195206110324,192.17639586149,192.054013131426,192.040660177008,192.114856158517,21.5,344.091588483172,4565845.67074428,279029.720082592,192.12472193148,33.1342301328179,34.9211460468186,101.48793872224,"song","oakalee","RWBL",0.650244920074938
"292",192.995858406257,192.996438968823,192.844679913959,192.830862524878,192.9228236354,21.5,344.091588483172,4565855.2404374,279029.183342338,192.942173257252,65.0733499993027,46.2654646751729,134.456831331218,"song","song","DICK",0.617648070062025
"293",194.406836139869,194.346340361133,194.450727511006,194.482659064082,194.382800389008,21.5,344.091588483172,4565944.09616157,279079.327730583,194.082389176184,549.200281844796,4.93306681307789,14.3364934749608,"song","song","DICK",0.721317613514044
"294",196.243799608105,196.16437611996,196.245076886423,196.297677529888,196.213377160892,21.5,344.091588483172,4565866.32713822,279048.999162417,196.129587342944,12.7306241724658,0.751508939459151,2.18403751969631,"song","song","DICK",0.594138116021484
"295",196.954360987032,196.93508605232,197.397103915081,197.404302987082,196.874010054378,21.5,344.091588483172,4565921.4792435,279024.721472743,197.118948968034,255.297468857541,106.008245347826,308.081478582877,"song","song","DICK",0.627015422830783
"296",197.686934919576,197.607512155814,197.546087240565,197.600080786105,197.612272877034,21.5,344.091588483172,4565860.65030328,279006.65123819,197.70417495061,28.4840232979018,71.4509731950954,207.651031256144,"song","song","DICK",0.653360055523183
"297",198.920255880622,198.859867957158,198.964153255756,198.995740784952,198.896100711236,21.5,344.091588483172,4565921.64574018,279067.217109992,198.668911050752,395.757975159427,4.6086679759113,13.3937246075304,"song","sone","DICK",0.733388606293428
"298",200.349800506621,200.2822226002,200.22207594122,200.285473770955,200.276416938136,21.5,344.091588483172,4565857.40826845,279005.590898662,200.376351432822,91.2201010798536,69.8573426671729,203.019617466148,"song","song","DICK",0.358964206263704
"299",202.306835183085,202.245526901345,202.149732711125,202.220446240632,202.232057657629,21.5,344.091588483172,4565768.43247572,279080.94783873,201.963179153446,171.512877488949,2.13013235804605,6.19059700772145,"","","",0.666480680432189
"300",202.6989967565,202.637340753746,202.555364976073,202.619923803815,202.624103871798,21.5,344.091588483172,4565871.23717115,278998.876010187,202.753726253063,102.376003249229,92.5739359234641,269.038648493413,"song","oakalee","RWBL",0.621038006860965
"301",203.81058890707,203.750325668686,203.854712280067,203.885946983584,203.786088823642,21.5,344.091588483172,4565917.02693482,279064.572850994,203.574401804891,368.228644905192,4.57241407968352,13.2883634262601,"song","song","DICK",0.766804387964785
"302",204.69993200621,204.680773456772,204.534123469252,204.54480581197,204.619698323411,21.5,344.091588483172,4565838.44950672,279027.088111771,204.608786147437,17.3610799834906,30.1543872214193,87.6347700167451,"song","song","DICK",0.383587854986987
"303",206.330208807964,206.259610323837,206.23580655863,206.264603308734,206.269247945848,21.5,344.091588483172,4565849.24583316,279015.912745942,206.342400930138,113.886389887009,52.6807578880912,153.100975587107,"song","song","DICK",0.628245668066727
"304",207.157826457957,207.097678414019,207.029634487865,207.092337081932,207.083860620142,21.5,344.091588483172,4565822.79749796,279043.682900327,207.000320393387,91.7256067335312,3.40427323514543,9.89350902226985,"song","song","DICK",0.599701772710297
"305",207.935069207842,207.874689052513,207.978844820455,208.010544402003,207.91091714571,21.5,344.091588483172,4565920.86566712,279066.883749281,207.686116773022,389.721007119612,4.58352241288231,13.3206464973103,"song","song","DICK",0.753028228408451
"306",209.021374429008,208.94462306388,208.854402472799,208.86647833055,208.956350579581,21.5,344.091588483172,4565848.91686246,279028.411133939,208.94637769202,74.0045147650453,38.9426267013428,113.175177786269,"","","",0.600070430257676
"307",209.580175757648,209.56101673396,209.737047521299,209.72381037766,209.792550632346,21.5,344.091588483172,4565823.12987605,279020.235249312,209.685660713705,237.459278217985,52.2362256699151,151.809074729735,"alarm","tink","DICK",0.37537323064517
"308",209.99588612596,209.977307898669,209.854923826386,209.838319535744,209.923314925603,21.5,344.091588483172,4565844.28340819,279030.194247278,209.921368653004,36.1043842074532,33.6588577093859,97.8194725937973,"song","song","DICK",0.580731691806658
"309",210.96355090835,210.884010969008,210.964247608549,211.016964590244,210.932896099611,21.5,344.091588483172,4565865.9062134,279048.796609976,210.850143950815,13.6546948839876,0.803247470361675,2.3344001924097,"song","song","DICK",0.721115534495849
"310",212.663331407583,212.602951521245,212.70733905551,212.738922380671,212.639179453048,21.5,344.091588483172,4565925.99167012,279069.484522244,212.398011425867,426.102548794279,4.69485338844365,13.6441969103039,"song","song","DICK",0.724424739258078
"311",213.723759524624,213.663727941623,213.573390279003,214.173706109011,213.650258572903,21.5,344.091588483172,4565916.94442378,278986.129104221,213.895321870697,86.9019448052595,152.94051963676,444.476194001003,"song","song","DICK",0.626600801007695
"312",214.431353758006,214.503577918057,214.353439913321,214.372599055457,214.363890354486,21.5,344.091588483172,4565852.20780309,279020.453530005,214.453982148594,192.949933543823,47.5165018704205,138.09259935671,"alarm","tink","DICK",0.212614767981968
"313",214.733786707196,214.665743087677,214.613955622993,214.675148434403,214.665510856894,21.5,344.091588483172,4565854.538029,279007.142242076,214.758547207231,82.0742480106328,65.7666193503295,191.131145170513,"song","song","DICK",0.677254775530133
"314",215.748681489288,215.798726871488,215.588211145434,215.590533436951,215.829729463246,21.5,344.091588483172,4565870.7969745,279022.511037639,215.73217218493,94.3029984380362,62.8680701108441,182.707372731719,"song","song","DICK",0.597093436637746
"315",215.756634406882,216.140622624835,216.114729255436,216.153046797597,216.043667631793,21.5,344.091588483172,4565812.40366584,279064.623787406,215.995331165993,551.311653146009,72.127712054241,209.617771745584,"alarm","tink","DICK",0.133070485753856
"316",216.795215678799,216.734719452086,216.838991259358,216.870690817693,216.77059917196,21.5,344.091588483172,4565925.87820342,279069.608061905,216.529845325842,428.978588864066,4.7307953286654,13.7486514840997,"song","song","DICK",0.720354931358318
"317",218.140420056622,218.062159730131,218.012927714653,218.074816073733,218.066455920161,21.5,344.091588483172,4565854.95609353,279005.616679217,218.16149396188,69.4487832246047,68.0346757244419,197.722577364803,"song","song","DICK",0.611963963361038
"318",220.421163957535,220.360668005644,220.464823224159,220.49652263849,220.396895907737,21.5,344.091588483172,4565919.47147318,279066.205278659,220.176548893496,380.946585116161,4.56327629185937,13.2618071600507,"song","song","DICK",0.743999723809186
"319",221.377341550673,221.314872032767,221.367704059992,221.408692423971,221.300589968264,21.5,344.091588483172,4565853.72592937,279040.295659625,221.283273526344,40.4473478255318,4.07771558692525,11.8506691921784,"song","oakalee","RWBL",0.636909039551805
"320",221.367287475185,221.348825608334,221.403514534666,221.711328427885,221.287750501645,21.5,344.091588483172,4565874.96993395,279065.862757476,221.47705760044,825.905683222239,81.1541145803604,235.850329669797,"song","song","DICK",0.652625053367078
"321",223.272410732395,223.193802373789,223.273223521923,223.325706502853,223.212032081767,21.5,344.091588483172,4565875.00251222,279058.254177077,223.120084185262,186.182511825238,4.85801036369223,14.1183641980537,"song","song","DICK",0.629079555611677
"322",224.468179953822,224.391196607711,224.034959947274,224.43833874726,224.406291381458,21.5,344.091588483172,4565813.82166339,279099.78465237,224.174018819266,229.962070066155,44.9642947751185,130.675367489599,"song","oakalee","RWBL",0.599238201567648
"323",225.491074657699,225.430694650922,225.535082393407,225.566433550772,225.466806539591,21.5,344.091588483172,4565917.96372559,279065.14710825,225.251760217186,372.20692488429,4.55812541850477,13.2468376765557,"song","song","DICK",0.730248337774629
"324",226.425994129792,226.364561469918,226.074353120155,226.114301768541,226.352019452401,21.5,344.091588483172,4565794.48056378,279034.739667078,226.198480412436,359.781924575497,46.3322285544161,134.650860716062,"song","song","DICK",0.520665587694062
"325",227.691178009725,227.301040179491,227.551146395659,227.329023279814,227.756433206329,21.5,344.091588483172,4565775.14807078,279049.587279518,227.366415371348,3402.24913542622,66.0246137861754,191.880929368909,"song","song","DICK",0.630177484286168
"326",228.662264386568,228.648562800634,228.510037444547,228.497264779694,228.588531275825,21.5,344.091588483172,4565837.09583916,279029.382331597,228.569503640194,34.4585182908468,28.8814870096019,83.9354636273369,"song","song","DICK",0.546570743050742
"327",229.562353256663,229.501858213621,229.606592434013,229.637826918808,229.538085571451,21.5,344.091588483172,4565925.11901145,279068.831551015,229.300091176326,422.892764061129,4.71484070976065,13.7022841230867,"song","song","DICK",0.729796178687774
"328",230.502433056644,230.428817232056,230.36495492366,230.424985493552,230.43787406852,21.5,344.091588483172,4565861.91534772,279003.907326003,230.533337178066,33.5846701441904,76.0314202687066,220.962740193298,"song","song","DICK",0.498824679716719
"329",231.663520356715,231.603141373116,231.526274282457,231.504793297907,231.725873268624,21.5,344.091588483172,4565862.40238043,279030.157107159,231.630186445865,193.50940012272,52.9222064620615,153.802674152407,"song","song","non-target",0.221956476840474
"330",231.568450138436,231.558696573135,231.712082998879,231.731822357226,231.631151629656,21.5,344.091588483172,4565854.89912361,279029.569355094,231.618658761184,93.9784935947878,23.1967219428719,67.4143824472081,"song","song","DICK",0.536521772204819
"331",232.862521907434,232.80202606149,232.80109714255,232.420820951636,232.838137785268,21.5,344.091588483172,4565867.46572146,279080.619956287,232.668187974983,252.23492292044,75.3883234384102,219.093770268369,"song","song","DICK",0.482608490310826
"332",234.623746682864,234.605516827483,234.458981302061,234.468734855259,234.554194559467,21.5,344.091588483172,4565837.39858489,279027.114517432,234.530910899714,11.664065042194,29.2716770046696,85.0694349539472,"song","song","DICK",0.491508181318402
"333",235.527894557313,235.449168841076,235.079575987413,235.582120087523,235.497240296123,21.5,344.091588483172,4565886.83204417,279088.3507853,235.289346633185,15.8081987511569,64.6364468248919,187.846634408655,"song","song","DICK",0.518233250607911
"334",236.821391945277,236.778894018636,237.119225775421,236.803626418566,236.750213723882,21.5,344.091588483172,4565861.48611861,278987.628117687,236.908320912141,303.54013811175,76.0084313163429,220.895929631422,"song","oakalee","RWBL",0.61321940033279
"335",237.982387006398,237.922008352383,237.53233380839,238.058208662306,237.9580033192,21.5,344.091588483172,4565906.19963179,279062.573423041,237.776393640514,264.834309927823,73.9196940025405,214.825635024657,"song","song","DICK",0.608511453945893
"336",239.25427395734,239.180425020998,239.090784488206,239.224316369956,239.193081521095,21.5,344.091588483172,4565837.3147273,279040.690346928,239.133211237089,94.3112367441631,13.6606644979424,39.7006638789441,"song","song","DICK",0.596882942384905
"337",241.872157207529,241.811777377418,241.916397044591,241.948212570458,241.848005275484,21.5,344.091588483172,4565979.7821583,279098.096822821,241.43149672587,801.632114058825,5.28843403377362,15.3692627509035,"song","song","DICK",0.761426493135022
"338",243.325076189592,243.306846105845,243.174358681929,243.047677017168,243.244724482887,21.5,344.091588483172,4565811.84473919,279040.754037634,243.156037388003,136.996828005014,32.1111013925819,93.3213785728804,"song","song","DICK",0.618796421789004
"339",243.509581930271,243.895895013462,243.35607850497,243.663201470115,243.428998437715,21.5,344.091588483172,4565863.05813368,278913.044240572,243.707075136671,1575.93375207693,178.864026603763,519.815167212408,"song","oakalee","RWBL",0.621490671185958
"340",244.260223107268,243.95786085539,243.838262883257,243.891675569841,244.631325164488,21.5,344.091588483172,4565914.8528472,278958.561842388,244.134662791011,4732.21971162764,153.949706435986,447.409095684752,"call","check","RWBL",0.731049802449607
"341",244.858638348821,244.855271082217,244.72104486864,244.767257699958,244.924590329194,21.5,344.091588483172,4565846.84227685,279018.356452949,244.815532704472,312.074031661009,37.9611482128109,110.322802077643,"song","song","DICK",0.362947658751992
"342",245.643483807937,245.582755205952,245.688188419341,245.719423589387,245.619447822065,21.5,344.091588483172,4565979.32853705,279097.312402834,245.205597212515,801.468862816416,5.32888996950001,15.4868359118887,"alarm","cheer","RWBL",0.61111245549755
"343",246.063256379481,246.002877119352,246.10865693854,246.139078796528,246.039453017315,21.5,344.091588483172,4565945.4786122,279078.666423092,245.736506520268,566.335502359987,5.04315658346058,14.6564366937648,"song","song","DICK",0.678139753313723
"344",247.119638957503,247.100131636391,246.954639533094,246.96508988369,247.039519602934,21.5,344.091588483172,4565839.46416002,279027.066523004,247.030822781074,17.7298822479248,30.8747310621222,89.7282354335497,"song","song","DICK",0.657572274122403
"345",248.272879101412,248.204604172572,248.153397975942,248.215402758256,248.204139717274,21.5,344.091588483172,4565854.31273493,279006.91290754,248.298051914294,85.2702514438309,65.9048202817443,191.532785129292,"song","song","DICK",0.657654572764876
"346",249.109910355613,249.030490276452,249.111768135243,249.164366521004,249.079721436634,21.5,344.091588483172,4565866.989306,279049.424963765,248.994077532413,11.4251347961176,0.663580125770312,1.92849853928575,"song","song","DICK",0.543374747621291
"347",249.96680420825,249.965875276256,250.114272162227,249.802731594887,249.667223640326,21.5,344.091588483172,4565874.17409896,278991.444508399,249.909751533952,1168.95855548937,73.5526311310187,213.758875813425,"","","non-target",0.210443673908038
"348",250.509541704936,250.449278605109,250.378449142883,250.438712242711,250.434996598791,21.5,344.091588483172,4565820.24062302,279044.377458974,250.344668610881,100.004396020382,3.45861407716089,10.0514345392957,"song","song","DICK",0.573208920954518
"349",251.5244628565,251.46420020974,251.569166361321,251.901133426997,251.500775804594,21.5,344.091588483172,4565779.75084766,278992.781960803,251.74731519465,633.441875844732,145.644478655809,423.272417956627,"song","song","DICK",0.589315652003676
"350",254.023494512999,253.948253290473,253.931416905803,254.261526158335,253.962883528186,21.5,344.091588483172,4565837.36941597,278972.121528656,254.152941629941,186.124176412781,116.395096777186,338.267777164447,"song","song","DICK",0.65749084889766
"351",254.721515079557,254.641734073925,254.72290863424,254.775283064429,254.690624617406,21.5,344.091588483172,4565866.41678887,279049.050715481,254.606936872658,11.6221243959848,0.706956681240128,2.05455961407409,"song","song","DICK",0.232460961266991
"352",256.50423185585,256.443505436648,256.3552605445,256.800548914747,256.48031284561,21.5,344.091588483172,4565888.82887059,278992.786606507,256.60789427889,381.486534231792,106.749551978808,310.235866123268,"song","song","DICK",0.506689273711721
"353",257.413800639364,257.39754471735,257.248570803463,257.024703534583,257.090423905011,21.5,344.091588483172,4565802.02480811,279057.263442646,257.197230445213,408.869136289512,63.2892880642649,183.931517603372,"song","song","DICK",0.460261277523131
"354",259.607988257049,259.782856089097,259.609613854425,259.314219588337,259.577334135097,21.5,344.091588483172,4565800.59467337,278992.794865365,259.490425361643,1477.17857528976,45.6719833191733,132.732054045567,"song","song","DICK",0.146956058320979
"355",260.566379339508,260.494504763241,260.473023670173,260.565218199342,260.506580620966,21.5,344.091588483172,4565842.34005915,279049.056308312,260.439020812038,61.2483771178335,3.17429549573983,9.2251470305705,"song","song","DICK",0.523934772479968
"356",261.325406806047,261.264796292979,261.369645513861,261.400879667147,261.301255490495,21.5,344.091588483172,4565927.59346105,279070.150326797,261.055116973714,439.110678105893,4.74655336643823,13.7944475404413,"song","song","DICK",0.612989838162388
"357",262.643425707053,262.561216920254,262.736316991571,262.480401502723,262.575034498826,21.5,344.091588483172,4565881.4905306,279118.359949746,262.878498850886,2331.39460240908,199.408071811772,579.520332626566,"call","chit","RWBL",0.221931468925112
"358",262.698388524596,263.110593905995,262.533041915269,262.361309025384,262.764921956579,21.5,344.091588483172,4565926.51369118,279051.630400186,262.759630498277,3470.78780319474,149.860868169936,435.52610172935,"song","song","DICK",0.425432436437918
"359",264.027243563432,263.704914250741,263.921929195057,263.692954625666,263.986371835022,21.5,344.091588483172,4565813.66014783,279050.536630485,263.80123026888,734.427963084187,53.9970735184839,156.926455995377,"song","song","DICK",0.453172278240798
"360",264.955651196148,265.230143029788,264.806213383164,264.791350881174,264.884473745209,21.5,344.091588483172,4565904.58643472,279015.411573474,265.042508187027,520.6506750489,122.184313953563,355.092417376946,"song","song","DICK",0.526061140905702
"361",265.644350857245,265.584319666261,265.688822706658,265.720405847756,265.620663501421,21.5,344.091588483172,4565939.15377248,279076.179573777,265.337001940791,513.355539830655,4.86573950958911,14.1408266648955,"song","song","DICK",0.659328441395824
"362",266.944854847755,266.871353096773,266.850684357951,267.306906126683,266.88424202941,21.5,344.091588483172,4565834.76164182,278949.677245832,267.138363145062,245.303426843435,155.296860761529,451.324199600782,"song","song","DICK",0.607075624789189
"363",267.93000426357,267.761175757505,268.16048884716,267.711130994015,268.218313191053,21.5,344.091588483172,4565899.25981379,278990.229646149,267.925690517617,1363.23018599734,89.6143140930914,260.437386708957,"","","",0.659675302574468
"364",268.768219092531,269.051305177431,269.161497422948,268.91057493342,268.834055766091,21.5,344.091588483172,4565845.56603879,278983.829300516,268.925822375756,810.625179160004,55.6656282769938,161.775614807614,"","","",0.577109424163603
"365",269.137709042212,269.419980776169,269.504627462328,269.573250495964,269.424973653404,21.5,344.091588483172,4565869.46454407,279081.098101485,269.345530144322,447.324860493704,65.8512040768427,191.376965554806,"song","song","DICK",0.551301195019307
"366",270.047094146976,269.986715411622,270.092029859635,270.123612582743,270.02317487874,21.5,344.091588483172,4565924.52633225,279068.285490099,269.789791148076,412.964490430723,4.80952715977567,13.9774621663292,"song","song","DICK",0.717927953458556
"367",270.688487639128,270.608717144873,270.690229352977,270.742480768427,270.65841404668,21.5,344.091588483172,4565866.42750316,279048.926703539,270.574386488781,11.4839525443662,0.674286848978437,1.95961445018414,"song","song","DICK",0.655088851535241
"368",271.656744365078,271.596357244314,271.523892699397,271.585905627259,271.583931432926,21.5,344.091588483172,4565861.94525349,279005.149364149,271.689118094679,98.712849266847,74.4368481033238,216.328589813709,"song","song","DICK",0.386951215141413
"369",272.880793556808,272.862911751839,272.503882265057,273.138802457077,273.15796153383,21.5,344.091588483172,4566000.06771531,279035.241032441,272.807118342746,1812.79669265192,148.704492754973,432.165440051857,"call","check","RWBL",0.669275571897807
"370",273.839899356736,273.779055896944,273.884486930325,273.399480954077,273.815747754376,21.5,344.091588483172,4565900.63241695,279055.357740133,273.656797562887,257.149342804658,79.512612039445,231.079790092961,"call","chit","RWBL",0.60945036533631
"371",273.982154107124,273.921310241384,274.02627752121,273.54208110874,273.957770115129,21.5,344.091588483172,4565900.43330023,279055.51275696,273.799211147108,255.562041528134,79.4426400510711,230.8764372918,"song","song","DICK",0.69613288399851
"372",274.733238076176,274.729406302546,274.437494820505,274.68969519401,274.800003828831,21.5,344.091588483172,4565855.52591731,278990.687876543,274.636542909112,541.670309485116,61.4039035708797,178.452207569388,"song","song","DICK",0.474230024953321
"373",275.475547210096,275.755614640752,275.815297335345,275.311013400295,275.402627497637,21.5,344.091588483172,4565909.70577401,279012.439287232,275.566724434429,483.308904981077,101.901925153369,296.147678595034,"song","song","DICK",0.621466483825008
"374",276.329095706188,276.250023177521,276.331185728973,276.384829647099,276.299022600572,21.5,344.091588483172,4565868.90575451,279051.154873161,276.207112370163,12.9066903221843,0.578226278273318,1.68044293329651,"song","song","DICK",0.558904547766446
"375",277.106193504672,277.036872644467,276.987407508039,277.481013834223,277.039194951341,21.5,344.091588483172,4565854.55970425,278948.396457274,277.293845632311,274.472250173671,156.262615144503,454.13087786697,"song","song","DICK",0.608796576006988
"376",278.529878144866,278.469722874059,278.575052662905,278.606639986573,278.506419911849,21.5,344.091588483172,4565918.5473101,279064.984107777,278.292649885313,367.540010199467,4.68841307955602,13.6254800654196,"song","song","DICK",0.67853659841068
"377",279.822290151659,279.748324056959,279.728816515499,279.402297428689,279.573801230687,21.5,344.091588483172,4565843.65527901,279076.491741076,279.613024973564,468.044397804916,68.9502296666096,200.3833629603,"song","song","DICK",0.600960601413006
"378",281.461993607075,281.382455414606,281.107264880078,281.367941145907,281.383500441952,21.5,344.091588483172,4565798.0991298,279061.70838263,281.211380656271,265.764675116245,30.1831012628342,87.7182188494859,"song","song","DICK",0.701854183775201
"379",282.90706341126,282.839138171481,282.757047326141,282.742301162975,282.836235383456,21.5,344.091588483172,4565848.78498945,279032.442543907,282.832408325823,28.2315355598002,37.9555580108894,110.306555816158,"song","song","DICK",0.574531392693012
"380",284.071091772604,284.010829017573,284.115679244535,284.147494263568,284.047288564933,21.5,344.091588483172,4565958.55247857,279086.527519009,283.701556722872,647.768409744982,5.12816706645326,14.9034944128082,"song","song","DICK",0.692078997114771
"381",284.896538172805,284.64225155668,284.744198428351,284.578505733734,284.475629961183,21.5,344.091588483172,4565813.21081133,279059.987916006,284.67535524909,940.692285467577,68.2133836774769,198.241938950545,"song","song","DICK",0.354813666800664
"382",285.592605098989,285.969159484983,285.429234139663,285.728108943717,285.513996613229,21.5,344.091588483172,4565859.5604944,278912.532990305,285.767053834984,1204.88689645486,173.397574732362,503.928548491216,"song","song","DICK",0.508613858882034
"383",285.809257956427,285.734365166224,285.645887172218,285.658775698904,285.730185103515,21.5,344.091588483172,4565852.92101128,279026.728094378,285.747566587007,53.9622001462153,43.8461583700162,127.425836136533,"song","oakalee","RWBL",0.238090304133186
"384",286.536919670299,286.461792878117,286.372848329722,286.508239117488,286.455754866999,21.5,344.091588483172,4565835.45937071,279046.737411346,286.400565596725,47.0339117860008,8.71613097732105,25.3308458243445,"song","song","DICK",0.391825198516782
"385",287.891161906792,287.831015070387,287.893832519219,287.96733241776,287.867474735698,21.5,344.091588483172,4565783.50321287,278971.385107781,288.134871290019,408.069612619812,171.123492079296,497.31960270707,"song","song","DICK",0.749037733364509
"386",289.516698537988,289.590314164484,289.351934225689,289.352979242469,289.446217961832,21.5,344.091588483172,4565870.67937375,279021.497363868,289.500786336962,168.099621766941,67.6053596820271,196.474897802779,"song","song","DICK",0.553459383812331
"387",290.737334456881,290.784128302702,290.704009807375,291.003815539164,290.818381862298,21.5,344.091588483172,4565869.55756094,279041.788587944,290.83831208544,188.146000482889,54.2636625106456,157.701217718954,"song","song","DICK",0.411309379753512
"388",290.98756577642,290.994998091287,290.720466960867,291.43501435743,291.068972850203,21.5,344.091588483172,4566004.69067004,278955.956887525,291.142554626905,2145.2957800069,227.399431802296,660.868906458076,"","","",0.633323084752171
"389",292.353087606974,292.292824467435,292.3972109076,292.429606699376,292.329168133477,21.5,344.091588483172,4565944.20719618,279079.387373944,292.030089709914,545.208581185949,4.97434682200963,14.4564615599515,"song","song","DICK",0.733408661668807
"390",293.201487391691,293.141796987469,293.597836320892,293.130300197551,293.126584063436,21.5,344.091588483172,4565887.15424584,278979.836172402,293.325285770482,177.601677686401,110.045466949368,319.814464034043,"song","song","DICK",0.661095799932329
"391",295.580942677064,295.50198507048,295.134483857482,295.137735053048,295.560738818908,21.5,344.091588483172,4565907.56001547,279044.471889948,295.390802444873,466.733170663866,109.947624087222,319.530112816457,"song","song","DICK",0.515189460722438
"392",296.502124456399,296.441513575341,296.545202304815,296.722274323233,296.478205219813,21.5,344.091588483172,4565805.89081445,279006.395734942,296.641145944359,456.366417542009,95.3604540280868,277.136835714165,"song","song","DICK",0.733322558810389
"393",296.843429657454,296.783166019882,297.091567217169,296.834837154217,296.819393871371,21.5,344.091588483172,4565849.79815632,278995.142769533,296.915581252141,98.5839922329611,61.1254466198221,177.642955148296,"song","oakalee","RWBL",0.434175821657406
"394",297.924692499105,297.920744683982,297.811134758211,297.830525497198,297.845852308852,21.5,344.091588483172,4565869.69937219,279020.319559637,297.958927410928,183.838942139513,71.0533104845478,206.495342701534,"","","DICK?",0.555935816831909
"395",298.114528934432,298.110348799336,298.001200827378,297.664467722401,298.035803056786,21.5,344.091588483172,4565772.26309239,279034.697906223,297.843791334988,259.205412957708,53.5338188091222,155.580143778319,"song","oakalee","RWBL",0.548819655733075
"396",299.15455361096,299.067218968765,299.155962234221,299.356883133935,299.120490539371,21.5,344.091588483172,4565812.62483463,278998.803529161,299.27100407602,455.126187861831,93.9444337302597,273.021593304232,"song","song","DICK",0.533172684019324
